gcodein,mcu_awake,mcu_task_avg,mcu_task_stddev,bytes_write,bytes_read,bytes_retransmit,bytes_invalid,send_seq,receive_seq,retransmit_seq,srtt,rttvar,rto,ready_bytes,upcoming_bytes,freq,sd_pos,heater_bed_target,temp,pwm,sysload,cputime,memavail,print_time,buffer_time
0,0.003,1.3e-05,8e-06,4330407,2224814,9,0,123174,123173,2,0.004,0.001,0.025,0,45,71998624,321,60,57.0,0.0,0.04,175.882,3421720,6966.271,0.182
0,0.003,1.3e-05,8e-06,4330560,2225093,9,0,123185,123184,2,0.004,0.001,0.025,0,45,71998623,321,60,57.0,1.0,0.04,175.904,3421776,6967.271,0.182
0,0.003,1.3e-05,8e-06,4330693,2225362,9,0,123194,123193,2,0.004,0.001,0.025,0,45,71998623,321,60,57.0,1.0,0.04,175.924,3421776,6968.272,0.182
0,0.003,1.3e-05,8e-06,4330836,2225630,9,0,123203,123202,2,0.004,0.001,0.025,0,45,71998624,321,60,57.0,1.0,0.04,175.945,3421776,6969.273,0.182
0,0.003,1.3e-05,8e-06,4330941,2225894,9,0,123211,123210,2,0.004,0.001,0.025,0,45,71998624,321,60,57.0,1.0,0.04,175.966,3421776,6970.275,0.183
0,0.003,1.3e-05,8e-06,4331079,2226182,9,0,123221,123220,2,0.004,0.001,0.025,0,45,71998625,321,60,57.1,1.0,0.04,175.987,3421776,6971.273,0.181
0,0.003,1.3e-05,8e-06,4331211,2226450,9,0,123230,123229,2,0.004,0.001,0.025,0,45,71998624,321,60,57.2,1.0,0.04,176.008,3421776,6972.274,0.181
0,0.003,1.3e-05,8e-06,4331348,2226724,9,0,123240,123239,2,0.004,0.001,0.025,0,45,71998622,321,60,57.3,1.0,0.04,176.029,3421776,6973.275,0.181
0,0.003,1.3e-05,8e-06,4331485,2226998,9,0,123250,123249,2,0.003,0.001,0.025,0,45,71998621,321,60,57.5,1.0,0.04,176.05,3421776,6974.276,0.181
0,0.003,1.3e-05,8e-06,4331643,2227271,9,0,123260,123259,2,0.003,0.001,0.025,0,45,71998620,321,60,57.6,1.0,0.04,176.072,3421776,6975.277,0.181
0,0.003,1.3e-05,7e-06,4331765,2227554,9,0,123269,123268,2,0.004,0.001,0.025,0,45,71998619,321,60,57.7,1.0,0.04,176.093,3421524,6976.277,0.181
0,0.003,1.3e-05,7e-06,4331902,2227828,9,0,123279,123278,2,0.004,0.001,0.025,0,45,71998618,321,60,57.9,1.0,0.04,176.114,3421524,6977.278,0.181
0,0.003,1.3e-05,7e-06,4332044,2228096,9,0,123288,123287,2,0.004,0.001,0.025,0,45,71998618,321,60,58.0,1.0,0.03,176.136,3421524,6978.279,0.181
0,0.003,1.3e-05,7e-06,4332196,2228365,9,0,123299,123298,2,0.004,0.001,0.025,0,45,71998622,321,60,58.2,1.0,0.03,176.158,3421524,6979.28,0.182
0,0.003,1.3e-05,7e-06,4332317,2228623,9,0,123308,123307,2,0.004,0.001,0.025,0,45,71998621,321,60,58.4,1.0,0.03,176.178,3421524,6980.281,0.182
0,0.003,1.2e-05,7e-06,4332442,2228889,9,0,123316,123315,2,0.004,0.001,0.025,0,45,71998620,321,60,58.5,1.0,0.03,176.199,3421524,6981.282,0.182
0,0.003,1.2e-05,7e-06,4332601,2229175,9,0,123328,123327,2,0.004,0.001,0.025,0,45,71998620,321,60,58.7,0.913,0.03,176.221,3421524,6982.283,0.183
0,0.003,1.2e-05,7e-06,4332765,2229454,9,0,123339,123338,2,0.004,0.001,0.025,0,45,71998622,321,60,59.0,0.559,0.03,176.244,3421524,6983.284,0.184
0,0.003,1.2e-05,7e-06,4332954,2229737,9,0,123351,123350,2,0.004,0.001,0.025,0,45,71998622,321,60,59.1,0.995,0.03,176.266,3421524,6984.285,0.184
0,0.003,1.2e-05,7e-06,4333108,2230016,9,0,123362,123361,2,0.004,0.001,0.025,0,45,71998623,321,60,59.3,0.738,0.03,176.288,3421524,6985.286,0.184
0,0.003,1.3e-05,8e-06,4333299,2230314,9,0,123374,123373,2,0.003,0.001,0.025,0,45,71998622,321,60,59.4,0.839,0.03,176.31,3421524,6986.287,0.184
0,0.003,1.3e-05,8e-06,4333468,2230587,9,0,123384,123383,2,0.004,0.001,0.025,0,45,71998622,321,60,59.6,0.545,0.03,176.331,3421552,6987.287,0.184
0,0.003,1.3e-05,8e-06,4333621,2230866,9,0,123395,123394,2,0.004,0.001,0.025,0,45,71998621,321,60,59.8,0.459,0.03,176.353,3421552,6988.288,0.184
0,0.003,1.3e-05,8e-06,4333779,2231140,9,0,123405,123404,2,0.004,0.001,0.025,0,45,71998621,321,60,60.0,0.142,0.03,176.375,3421552,6989.288,0.184
0,0.003,1.3e-05,8e-06,4333926,2231413,9,0,123415,123414,2,0.004,0.001,0.025,0,45,71998621,321,60,60.1,0.086,0.03,176.396,3421552,6990.288,0.184
0,0.003,1.3e-05,8e-06,4334091,2231711,9,0,123427,123426,2,0.003,0.001,0.025,0,45,71998620,321,60,60.2,0.148,0.03,176.418,3421552,6991.289,0.183
0,0.003,1.3e-05,8e-06,4334237,2231985,9,0,123437,123436,2,0.004,0.001,0.025,0,45,71998620,321,60,60.3,0.042,0.03,176.44,3421552,6992.29,0.184
0,0.003,1.3e-05,8e-06,4334995,2232303,9,0,123456,123455,2,0.003,0.001,0.025,0,45,71998622,353,60,60.4,0.042,0.03,176.469,3421552,6994.236,0.0
0,0.003,1.3e-05,8e-06,4335140,2232582,9,0,123467,123466,2,0.003,0.001,0.025,0,45,71998622,353,60,60.5,0.042,0.03,176.491,3421552,6994.286,0.0
0,0.003,1.3e-05,8e-06,4335726,2233107,9,0,123502,123501,2,0.003,0.0,0.025,0,45,71998622,353,60,60.5,0.022,0.03,176.53,3421560,6995.286,0.0
0,0.004,1.6e-05,1.1e-05,4336238,2233685,9,0,123539,123538,2,0.003,0.001,0.025,0,45,71998621,353,60,60.6,0.022,0.03,176.568,3421564,6996.286,0.0
0,0.004,1.6e-05,1.1e-05,4336777,2234283,9,0,123580,123579,2,0.003,0.001,0.025,0,45,71998622,353,60,60.6,0.022,0.03,176.608,3421564,6997.35,0.241
0,0.004,1.6e-05,1.1e-05,4337872,2234887,9,0,123622,123621,2,0.003,0.001,0.025,16,45,71998623,353,60,60.6,0.022,0.02,176.657,3421564,6998.559,0.0
0,0.004,1.6e-05,1.1e-05,4338470,2235397,9,0,123655,123653,2,0.003,0.001,0.025,0,45,71998623,353,60,60.6,0.09,0.02,176.699,3421564,6999.328,0.0
0,0.004,1.6e-05,1.1e-05,4338950,2235921,9,0,123690,123688,2,0.003,0.001,0.025,0,45,71998622,353,60,60.6,0.0,0.02,176.736,3421568,7000.328,0.0
0,0.007,1.7e-05,1e-05,4339415,2236480,9,0,123726,123724,2,0.003,0.001,0.025,0,45,71998622,353,60,60.6,0.0,0.02,176.772,3421568,7001.328,0.0
0,0.007,1.7e-05,1e-05,4339908,2237043,9,0,123763,123761,2,0.003,0.001,0.025,0,45,71998621,353,60,60.6,0.0,0.02,176.807,3421568,7002.328,0.0
0,0.007,1.7e-05,1e-05,4340597,2237574,9,0,123798,123797,2,0.003,0.0,0.025,0,45,71998621,353,60,60.6,0.0,0.02,176.845,3421568,7003.292,0.0
0,0.007,1.7e-05,1e-05,4341855,2238021,9,0,123831,123830,2,0.003,0.001,0.025,0,71,71998622,353,60,60.5,0.053,0.02,176.887,3421568,7005.451,1.338
0,0.007,1.7e-05,1e-05,4342010,2238309,9,0,123841,123840,2,0.003,0.001,0.025,0,71,71998623,353,60,60.5,0.295,0.02,176.908,3421568,7005.451,0.338
0,0.006,1.8e-05,1.2e-05,4342165,2238588,9,0,123851,123851,2,0.004,0.001,0.025,0,62,71998625,353,60,60.5,0.048,0.02,176.929,3421580,7005.451,0.0
0,0.006,1.8e-05,1.2e-05,4342550,2238989,9,0,123871,123870,2,0.003,0.001,0.025,0,45,71998626,353,60,60.5,0.048,0.02,176.959,3421580,7007.308,0.0
0,0.006,1.8e-05,1.2e-05,4343339,2239552,9,0,123908,123907,2,0.003,0.001,0.025,0,45,71998629,353,60,60.4,0.146,0.02,176.997,3421580,7008.308,0.0
0,0.006,1.8e-05,1.2e-05,4344473,2240097,9,0,123948,123947,2,0.004,0.001,0.025,0,45,71998630,353,60,60.4,0.1,0.02,177.036,3421580,7009.665,0.0
0,0.006,1.8e-05,1.2e-05,4345082,2240526,9,0,123975,123974,2,0.003,0.001,0.025,0,45,71998629,353,60,60.4,0.01,0.02,177.067,3421580,7010.315,0.0
0,0.006,1.8e-05,1.2e-05,4345696,2241109,9,0,124011,124010,2,0.003,0.001,0.025,0,45,71998628,353,60,60.3,0.0,0.02,177.108,3421580,7010.985,0.0
0,0.006,1.8e-05,1.2e-05,4347917,2241643,9,0,124060,124059,2,0.003,0.0,0.025,0,53,71998628,380,60,60.3,0.068,0.02,177.151,3421580,7015.051,2.934
0,0.006,1.8e-05,1.2e-05,4348076,2241907,9,0,124068,124067,2,0.004,0.001,0.025,16,53,71998628,380,60,60.2,0.194,0.02,177.173,3421580,7015.072,0.0
0,0.006,1.8e-05,1.2e-05,4348233,2242190,9,0,124077,124076,2,0.004,0.001,0.025,0,53,71998628,380,60,60.2,0.194,0.02,177.195,3421580,7015.072,0.0
0,0.006,1.8e-05,1.2e-05,4348679,2242498,9,0,124094,124093,2,0.003,0.001,0.025,0,45,71998628,380,60,60.1,0.109,0.02,177.22,3421580,7015.322,0.0
0,0.006,1.9e-05,1.5e-05,4349814,2243097,9,0,124136,124135,2,0.003,0.001,0.025,0,45,71998626,380,60,60.1,0.0,0.02,177.264,3421580,7016.406,0.0
0,0.006,1.9e-05,1.5e-05,4351355,2243677,9,0,124180,124179,2,0.003,0.001,0.025,0,45,71998625,380,60,60.1,0.208,0.02,177.307,3421588,7018.307,0.0
0,0.006,1.9e-05,1.5e-05,4351536,2243951,9,0,124193,124192,2,0.003,0.001,0.025,0,45,71998630,380,60,60.0,0.332,0.02,177.329,3421588,7018.307,0.0
0,0.006,1.9e-05,1.5e-05,4352966,2244579,9,0,124241,124240,2,0.003,0.0,0.025,0,45,71998629,380,60,60.0,0.143,0.02,177.376,3421336,7019.642,0.0
0,0.006,1.9e-05,1.5e-05,4354493,2245154,9,0,124284,124283,2,0.003,0.001,0.025,16,45,71998628,380,60,60.0,0.123,0.02,177.417,3421336,7021.545,0.0
0,0.008,2.2e-05,1.5e-05,4354678,2245438,9,0,124296,124295,2,0.003,0.001,0.025,0,45,71998626,380,60,59.9,0.451,0.02,177.439,3420360,7021.545,0.0
0,0.008,2.2e-05,1.5e-05,4355407,2245896,9,0,124326,124325,2,0.003,0.001,0.025,0,45,71998626,380,60,59.9,0.281,0.02,177.471,3420360,7022.295,0.0
0,0.008,2.2e-05,1.5e-05,4356665,2246451,9,0,124365,124364,2,0.003,0.001,0.025,0,45,71998626,380,60,59.9,0.277,0.01,177.512,3420360,7023.333,0.0
0,0.008,2.2e-05,1.5e-05,4357793,2246905,9,0,124398,124397,2,0.003,0.001,0.025,0,45,71998626,380,60,59.9,0.275,0.01,177.546,3420360,7024.788,0.0
0,0.008,2.2e-05,1.5e-05,4358409,2247310,9,0,124423,124422,2,0.003,0.001,0.025,0,45,71998628,380,60,59.9,0.385,0.01,177.576,3420360,7025.338,0.0
0,0.006,2e-05,1.4e-05,4359603,2247875,9,0,124461,124460,2,0.003,0.001,0.025,0,45,71998634,380,60,59.9,0.351,0.01,177.618,3420388,7026.328,0.0
0,0.006,2e-05,1.4e-05,4360890,2248387,9,0,124500,124499,2,0.003,0.0,0.025,0,45,71998633,380,60,59.9,0.27,0.01,177.658,3420388,7028.039,0.0
0,0.006,2e-05,1.4e-05,4361392,2248734,9,0,124519,124518,2,0.003,0.001,0.025,0,45,71998634,380,60,59.9,0.276,0.01,177.684,3420388,7028.339,0.0
0,0.006,2e-05,1.4e-05,4362474,2249308,9,0,124559,124558,2,0.003,0.001,0.025,0,45,71998635,380,60,59.9,0.299,0.01,177.726,3420388,7029.38,0.0
0,0.006,2e-05,1.4e-05,4364019,2249864,9,0,124604,124603,2,0.003,0.001,0.025,0,45,71998634,380,60,59.9,0.364,0.01,177.77,3420388,7031.29,0.0
0,0.008,2.2e-05,1.5e-05,4364225,2250168,9,0,124617,124616,2,0.003,0.001,0.025,0,45,71998633,380,60,59.9,0.346,0.01,177.794,3420396,7031.34,0.0
0,0.008,2.2e-05,1.5e-05,4365592,2250800,9,0,124663,124662,2,0.003,0.001,0.025,0,45,71998636,380,60,59.9,0.346,0.01,177.838,3420396,7032.631,0.0
0,0.008,2.2e-05,1.5e-05,4367139,2251351,9,0,124707,124706,2,0.003,0.001,0.025,0,45,71998636,380,60,59.9,0.279,0.01,177.882,3420396,7034.479,0.0
0,0.008,2.2e-05,1.5e-05,4367312,2251630,9,0,124718,124717,2,0.003,0.001,0.025,0,45,71998640,380,60,60.0,0.282,0.01,177.904,3420396,7034.479,0.0
0,0.008,2.2e-05,1.5e-05,4368436,2252232,9,0,124760,124757,2,0.003,0.0,0.025,280,54,71998638,380,60,60.0,0.283,0.01,177.95,3420396,7035.827,0.0
0,0.007,2.1e-05,1.5e-05,4369363,2252701,9,0,124790,124789,2,0.003,0.001,0.025,0,45,71998636,380,60,60.0,0.202,0.01,177.98,3420176,7036.381,0.249
0,0.007,2.1e-05,1.5e-05,4370439,2253097,9,0,124817,124816,2,0.003,0.001,0.025,0,45,71998635,380,60,60.0,0.353,0.01,178.011,3420176,7037.744,0.0
0,0.007,2.1e-05,1.5e-05,4371105,2253534,9,0,124844,124843,2,0.003,0.0,0.025,0,45,71998634,380,60,60.0,0.259,0.01,178.042,3420176,7038.344,0.0
0,0.007,2.1e-05,1.5e-05,4372321,2254020,9,0,124881,124880,2,0.003,0.001,0.025,0,45,71998636,380,60,60.0,0.201,0.01,178.081,3419924,7039.336,0.0
0,0.007,2.1e-05,1.5e-05,4373566,2254531,9,0,124920,124919,2,0.003,0.001,0.025,0,45,71998635,380,60,60.0,0.175,0.01,178.122,3419956,7040.997,0.0
0,0.007,2.1e-05,1.5e-05,4374071,2254893,9,0,124939,124938,2,0.003,0.001,0.025,0,45,71998634,380,60,60.1,0.114,0.01,178.148,3419956,7041.347,0.0
0,0.007,2.1e-05,1.5e-05,4375116,2255422,9,0,124978,124977,2,0.003,0.001,0.025,0,45,71998633,380,60,60.1,0.148,0.01,178.187,3419956,7042.335,0.0
0,0.007,2.1e-05,1.5e-05,4376659,2255983,9,0,125021,125020,2,0.003,0.0,0.025,0,45,71998631,380,60,60.1,0.203,0.01,178.23,3419956,7044.244,0.0
0,0.007,2.1e-05,1.5e-05,4376958,2256307,9,0,125036,125035,2,0.003,0.001,0.025,0,45,71998633,380,60,60.0,0.294,0.01,178.254,3419956,7044.344,0.0
0,0.007,2.1e-05,1.5e-05,4378243,2256900,9,0,125080,125079,2,0.003,0.001,0.025,0,45,71998634,380,60,60.0,0.344,0.01,178.295,3419956,7045.58,0.0
0,0.007,2.1e-05,1.4e-05,4379754,2257476,9,0,125123,125122,2,0.003,0.001,0.025,0,45,71998637,380,60,60.1,0.172,0.01,178.338,3419956,7047.486,0.0
0,0.007,2.1e-05,1.4e-05,4379926,2257769,9,0,125134,125133,2,0.003,0.001,0.025,0,45,71998637,380,60,60.0,0.213,0.01,178.36,3419964,7047.486,0.0
0,0.007,2.1e-05,1.4e-05,4381222,2258357,9,0,125179,125176,2,0.003,0.0,0.025,111,54,71998635,380,60,60.0,0.276,0.01,178.404,3419964,7048.824,0.0
0,0.007,2.1e-05,1.4e-05,4382004,2258859,9,0,125211,125210,2,0.003,0.0,0.025,0,45,71998634,380,60,60.0,0.161,0.01,178.437,3419964,7049.378,0.236
0,0.007,2.1e-05,1.4e-05,4383030,2259226,9,0,125234,125233,2,0.003,0.001,0.025,0,45,71998635,380,60,60.0,0.161,0.01,178.467,3419964,7050.734,0.0
0,0.007,2.1e-05,1.5e-05,4383688,2259655,9,0,125261,125260,2,0.003,0.001,0.025,0,45,71998633,380,60,60.0,0.289,0.01,178.498,3419964,7051.334,0.0
0,0.007,2.1e-05,1.5e-05,4384930,2260182,9,0,125300,125299,2,0.003,0.001,0.025,0,45,71998634,380,60,60.0,0.171,0.01,178.536,3419964,7052.321,0.0
0,0.007,2.1e-05,1.5e-05,4386175,2260723,9,0,125339,125338,2,0.003,0.001,0.025,0,45,71998633,380,60,60.0,0.264,0.09,178.575,3419964,7053.916,0.0
0,0.007,2.1e-05,1.5e-05,4386721,2261084,9,0,125361,125360,2,0.003,0.001,0.025,0,45,71998632,380,60,60.0,0.323,0.09,178.602,3419964,7054.316,0.0
0,0.007,2.1e-05,1.5e-05,4387887,2261625,9,0,125401,125399,2,0.003,0.0,0.025,0,45,71998630,380,60,60.0,0.272,0.09,178.644,3419964,7055.356,0.0
0,0.007,2.1e-05,1.4e-05,4389336,2262225,9,0,125445,125444,2,0.003,0.0,0.025,0,45,71998630,380,60,60.0,0.103,0.09,178.688,3419964,7057.163,0.0
0,0.007,2.1e-05,1.4e-05,4389714,2262518,9,0,125460,125458,2,0.003,0.001,0.025,0,45,71998630,380,60,60.0,0.345,0.09,178.711,3419964,7057.363,0.0
0,0.007,2.1e-05,1.4e-05,4390900,2263112,9,0,125503,125502,2,0.003,0.0,0.025,0,45,71998630,380,60,60.0,0.033,0.08,178.754,3419964,7058.502,0.0
0,0.007,2.1e-05,1.4e-05,4392464,2263697,9,0,125548,125547,2,0.003,0.001,0.025,0,45,71998624,380,60,60.0,0.166,0.08,178.798,3419964,7060.409,0.0
0,0.007,2.1e-05,1.4e-05,4392646,2263971,9,0,125561,125560,2,0.003,0.001,0.025,0,45,71998625,380,60,60.0,0.3,0.08,178.819,3419964,7060.409,0.0
0,0.007,2.1e-05,1.5e-05,4394039,2264548,9,0,125609,125608,2,0.003,0.001,0.025,16,45,71998624,380,60,60.0,0.227,0.08,178.865,3419964,7061.75,0.0
0,0.007,2.1e-05,1.5e-05,4395606,2265062,9,0,125654,125652,2,0.003,0.001,0.025,0,45,71998623,380,60,60.0,0.212,0.08,178.908,3419964,7063.657,0.0
0,0.007,2.1e-05,1.5e-05,4395775,2265270,9,0,125666,125665,2,0.003,0.0,0.025,0,45,71998625,380,60,60.0,0.365,0.07,178.929,3419964,7063.657,0.0
0,0.007,2.1e-05,1.5e-05,4396452,2265657,9,0,125695,125694,2,0.003,0.001,0.025,0,45,71998626,380,60,59.9,0.351,0.07,178.961,3419964,7064.357,0.0
0,0.007,2.1e-05,1.5e-05,4397681,2266127,9,0,125733,125732,2,0.003,0.001,0.025,0,45,71998628,380,60,60.0,0.244,0.07,178.999,3419964,7065.347,0.0
0,0.007,2.3e-05,1.4e-05,4398843,2266559,9,0,125769,125768,2,0.003,0.001,0.025,0,45,71998629,380,60,60.0,0.177,0.07,179.034,3419964,7066.905,0.0
0,0.007,2.3e-05,1.4e-05,4399418,2266874,9,0,125792,125791,2,0.003,0.001,0.025,0,45,71998630,380,60,60.0,0.185,0.07,179.063,3419980,7067.355,0.0
0,0.007,2.3e-05,1.4e-05,4400543,2267363,9,0,125831,125830,2,0.003,0.0,0.025,0,45,71998633,380,60,60.0,0.284,0.07,179.101,3419980,7068.349,0.0
0,0.007,2.3e-05,1.4e-05,4401983,2267843,9,0,125874,125873,2,0.003,0.0,0.025,0,45,71998632,380,60,60.0,0.233,0.07,179.144,3419980,7070.163,0.0
0,0.007,2.3e-05,1.4e-05,4402418,2268105,9,0,125892,125891,2,0.003,0.001,0.025,0,45,71998631,380,60,60.0,0.156,0.07,179.168,3419980,7070.363,0.0
0,0.007,2.3e-05,1.5e-05,4403585,2268647,9,0,125933,125932,2,0.003,0.001,0.025,0,45,71998630,380,60,60.0,0.268,0.07,179.211,3419980,7071.512,0.0
0,0.007,2.3e-05,1.5e-05,4405127,2269132,9,0,125977,125976,2,0.003,0.001,0.025,0,45,71998631,380,60,60.0,0.122,0.07,179.251,3419980,7073.365,0.0
0,0.007,2.3e-05,1.5e-05,4405302,2269350,9,0,125989,125988,2,0.003,0.0,0.025,0,45,71998634,380,60,60.0,0.129,0.06,179.272,3419980,7073.365,0.0
0,0.007,2.3e-05,1.5e-05,4406704,2269926,9,0,126037,126036,2,0.003,0.001,0.025,0,45,71998632,380,60,60.0,0.31,0.06,179.317,3419980,7074.712,0.0
0,0.007,2.3e-05,1.5e-05,4408251,2270416,9,0,126082,126081,2,0.003,0.0,0.025,0,45,71998632,380,60,60.0,0.136,0.06,179.359,3419980,7076.628,0.0
0,0.008,2.5e-05,1.5e-05,4408430,2270649,9,0,126094,126093,2,0.003,0.0,0.025,0,45,71998637,380,60,60.0,0.244,0.06,179.38,3419980,7076.628,0.0
0,0.008,2.5e-05,1.5e-05,4409164,2271045,9,0,126123,126121,2,0.003,0.001,0.025,0,45,71998635,380,60,60.0,0.241,0.06,179.414,3419980,7077.378,0.0
0,0.008,2.5e-05,1.5e-05,4410393,2271510,9,0,126162,126161,2,0.003,0.001,0.025,0,45,71998635,380,60,60.0,0.159,0.06,179.452,3419984,7078.37,0.0
0,0.008,2.5e-05,1.5e-05,4411573,2271923,9,0,126197,126196,2,0.003,0.0,0.025,0,45,71998635,380,60,60.0,0.238,0.06,179.487,3419984,7079.884,0.0
0,0.008,2.5e-05,1.5e-05,4412156,2272247,9,0,126219,126218,2,0.003,0.001,0.025,0,45,71998639,380,60,60.0,0.281,0.06,179.516,3419984,7080.334,0.0
0,0.006,2.2e-05,1.4e-05,4413348,2272737,9,0,126261,126260,2,0.003,0.001,0.025,0,45,71998636,380,60,60.0,0.075,0.06,179.554,3419988,7081.372,0.0
0,0.006,2.2e-05,1.4e-05,4414724,2273222,9,0,126302,126301,2,0.003,0.001,0.025,0,45,71998634,380,60,60.0,0.061,0.06,179.595,3419988,7083.133,0.0
0,0.006,2.2e-05,1.4e-05,4415124,2273488,9,0,126318,126317,2,0.003,0.0,0.025,0,45,71998635,380,60,60.0,0.19,0.05,179.618,3419988,7083.333,0.0
0,0.006,2.2e-05,1.4e-05,4416287,2273991,9,0,126360,126359,2,0.003,0.0,0.025,0,45,71998633,380,60,60.0,0.213,0.05,179.658,3419988,7084.471,0.0
0,0.006,2.2e-05,1.4e-05,4417820,2274486,9,0,126403,126402,2,0.003,0.001,0.025,0,45,71998634,380,60,60.0,0.271,0.05,179.7,3419988,7086.382,0.0
0,0.008,2.4e-05,1.5e-05,4417985,2274733,9,0,126414,126414,2,0.003,0.0,0.025,0,54,71998633,380,60,60.0,0.242,0.05,179.722,3420136,7086.382,0.0
0,0.008,2.4e-05,1.5e-05,4419369,2275270,9,0,126461,126460,2,0.003,0.0,0.025,16,45,71998633,380,60,60.0,0.156,0.05,179.766,3420240,7087.722,0.0
0,0.008,2.4e-05,1.5e-05,4420940,2275775,9,0,126506,126505,2,0.003,0.001,0.025,0,45,71998635,380,60,60.0,0.349,0.05,179.808,3420240,7089.633,0.0
0,0.008,2.4e-05,1.5e-05,4421126,2276007,9,0,126518,126517,2,0.003,0.0,0.025,0,45,71998635,380,60,60.0,0.196,0.05,179.83,3420240,7089.633,0.0
0,0.008,2.4e-05,1.5e-05,4421865,2276384,9,0,126548,126547,2,0.003,0.001,0.025,0,45,71998636,380,60,60.0,0.241,0.05,179.862,3420240,7090.383,0.0
0,0.006,2.2e-05,1.4e-05,4423112,2276869,9,0,126586,126585,2,0.003,0.001,0.025,0,45,71998639,380,60,60.0,0.174,0.05,179.9,3420240,7091.377,0.0
0,0.006,2.2e-05,1.4e-05,4424286,2277301,9,0,126622,126621,2,0.003,0.0,0.025,0,45,71998641,380,60,60.0,0.271,0.05,179.937,3420240,7092.827,0.0
0,0.006,2.2e-05,1.4e-05,4424913,2277625,9,0,126647,126646,2,0.003,0.0,0.025,0,45,71998640,380,60,60.0,0.271,0.04,179.965,3420240,7093.377,0.0
0,0.006,2.2e-05,1.4e-05,4426106,2278105,9,0,126687,126686,2,0.003,0.001,0.025,0,45,71998639,380,60,60.0,0.3,0.04,180.005,3420240,7094.374,0.0
0,0.006,2.2e-05,1.4e-05,4427422,2278585,9,0,126727,126726,2,0.003,0.0,0.025,0,45,71998637,380,60,60.0,0.134,0.04,180.045,3420300,7096.094,0.0
0,0.007,2.4e-05,1.6e-05,4427872,2278837,9,0,126743,126742,2,0.003,0.001,0.025,0,45,71998637,380,60,60.0,0.32,0.04,180.069,3420300,7096.344,0.0
0,0.007,2.4e-05,1.6e-05,4428978,2279350,9,0,126785,126783,2,0.003,0.0,0.025,0,45,71998635,380,60,60.0,0.231,0.04,180.11,3420300,7097.443,0.0
0,0.007,2.4e-05,1.6e-05,4430502,2279858,9,0,126829,126828,2,0.003,0.0,0.025,0,45,71998634,380,60,60.0,0.296,0.04,180.153,3420300,7099.361,0.0
0,0.007,2.4e-05,1.6e-05,4430682,2280056,9,0,126842,126841,2,0.003,0.0,0.025,0,45,71998633,380,60,60.0,0.302,0.04,180.173,3420300,7099.361,0.0
0,0.007,2.4e-05,1.6e-05,4432077,2280593,9,0,126889,126888,2,0.003,0.001,0.025,0,45,71998632,380,60,60.0,0.206,0.04,180.217,3420300,7100.706,0.0
0,0.007,2.3e-05,1.5e-05,4433636,2281109,9,0,126934,126933,2,0.003,0.0,0.025,0,45,71998637,380,60,60.0,0.218,0.04,180.261,3420300,7102.62,0.0
0,0.007,2.3e-05,1.5e-05,4433818,2281316,9,0,126947,126946,2,0.003,0.0,0.025,0,45,71998635,380,60,60.0,0.21,0.04,180.281,3420300,7102.62,0.0
0,0.007,2.3e-05,1.5e-05,4434554,2281708,9,0,126977,126976,2,0.003,0.001,0.025,0,45,71998633,380,60,60.0,0.141,0.04,180.313,3420304,7103.37,0.0
0,0.007,2.3e-05,1.5e-05,4435816,2282197,9,0,127016,127015,2,0.003,0.001,0.025,0,45,71998633,380,60,60.0,0.209,0.04,180.354,3420304,7104.363,0.0
0,0.007,2.3e-05,1.5e-05,4436977,2282611,9,0,127052,127051,2,0.003,0.001,0.025,0,45,71998633,380,60,60.0,0.207,0.04,180.39,3420304,7105.876,0.0
0,0.007,2.3e-05,1.5e-05,4437571,2282974,9,0,127076,127075,2,0.003,0.001,0.025,0,45,71998633,380,60,60.0,0.377,0.04,180.419,3420304,7106.376,0.0
0,0.007,2.3e-05,1.5e-05,4438748,2283435,9,0,127115,127114,2,0.003,0.001,0.025,0,45,71998632,380,60,60.0,0.225,0.04,180.459,3420304,7107.371,0.0
0,0.007,2.3e-05,1.5e-05,4440082,2283895,9,0,127154,127153,2,0.003,0.001,0.025,0,45,71998631,380,60,60.0,0.201,0.03,180.5,3420316,7109.136,0.0
0,0.007,2.3e-05,1.5e-05,4440512,2284166,9,0,127170,127170,2,0.003,0.0,0.025,0,54,71998630,380,60,60.0,0.137,0.03,180.525,3420316,7109.386,0.0
0,0.007,2.3e-05,1.5e-05,4441635,2284679,9,0,127212,127211,2,0.003,0.001,0.025,0,45,71998631,380,60,60.0,0.209,0.03,180.569,3420316,7110.483,0.0
0,0.007,2.3e-05,1.4e-05,4443191,2285184,9,0,127257,127256,2,0.003,0.001,0.025,0,45,71998633,380,60,60.0,0.263,0.03,180.614,3420316,7112.335,0.0
0,0.007,2.3e-05,1.4e-05,4443376,2285411,9,0,127268,127267,2,0.003,0.0,0.025,0,45,71998632,380,60,60.0,0.259,0.03,180.635,3420316,7112.385,0.0
0,0.007,2.3e-05,1.4e-05,4444755,2285963,9,0,127314,127313,2,0.003,0.001,0.025,0,45,71998633,380,60,60.0,0.248,0.03,180.678,3420316,7113.683,0.0
0,0.007,2.3e-05,1.4e-05,4446266,2286438,9,0,127356,127355,2,0.003,0.0,0.025,0,45,71998633,380,60,60.0,0.179,0.03,180.721,3420316,7115.603,0.0
0,0.007,2.3e-05,1.4e-05,4446406,2286655,9,0,127365,127364,2,0.003,0.0,0.025,0,45,71998634,380,60,60.0,0.318,0.03,180.739,3420316,7115.603,0.0
0,0.007,2.4e-05,1.5e-05,4447140,2287071,9,0,127396,127393,2,0.003,0.001,0.025,0,45,71998633,380,60,60.0,0.233,0.03,180.772,3420316,7116.403,0.0
0,0.007,2.4e-05,1.5e-05,4448343,2287512,9,0,127432,127431,2,0.003,0.001,0.025,0,45,71998633,380,60,60.0,0.19,0.03,180.81,3420316,7117.355,0.0
0,0.007,2.4e-05,1.5e-05,4449491,2287934,9,0,127466,127465,2,0.003,0.0,0.025,0,45,71998634,380,60,60.0,0.305,0.03,180.847,3420316,7118.879,0.0
0,0.007,2.4e-05,1.5e-05,4450077,2288263,9,0,127488,127488,2,0.003,0.001,0.025,0,54,71998640,380,60,60.0,0.173,0.03,180.875,3420316,7119.379,0.0
0,0.007,2.4e-05,1.5e-05,4451231,2288719,9,0,127527,127526,2,0.003,0.001,0.025,0,45,71998641,380,60,60.0,0.173,0.03,180.915,3420316,7120.38,0.0
0,0.007,2.4e-05,1.5e-05,4452608,2289208,9,0,127566,127565,2,0.003,0.001,0.025,0,45,71998640,380,60,60.0,0.117,0.03,180.957,3420316,7122.151,0.0
0,0.007,2.4e-05,1.5e-05,4453050,2289465,9,0,127583,127582,2,0.003,0.001,0.025,0,45,71998639,380,60,60.0,0.215,0.03,180.981,3420316,7122.401,0.0
0,0.007,2.4e-05,1.5e-05,4454169,2289973,9,0,127623,127622,2,0.003,0.0,0.025,0,45,71998640,380,60,60.0,0.237,0.11,181.022,3420328,7123.502,0.0
0,0.007,2.4e-05,1.5e-05,4455711,2290467,9,0,127666,127665,2,0.003,0.0,0.025,0,45,71998636,380,60,60.0,0.156,0.11,181.065,3420328,7125.423,0.0
0,0.007,2.4e-05,1.5e-05,4455848,2290675,9,0,127676,127675,2,0.003,0.0,0.025,0,45,71998637,380,60,60.0,0.249,0.11,181.085,3420328,7125.423,0.0
0,0.006,2.3e-05,1.5e-05,4457247,2291247,9,0,127723,127722,2,0.003,0.001,0.025,16,45,71998638,380,60,60.0,0.326,0.11,181.129,3420328,7126.775,0.0
0,0.006,2.3e-05,1.5e-05,4458749,2291741,9,0,127766,127765,2,0.003,0.001,0.025,16,45,71998638,380,60,60.0,0.147,0.11,181.173,3420584,7128.7,0.0
0,0.006,2.3e-05,1.5e-05,4458913,2291954,9,0,127776,127776,2,0.003,0.0,0.025,0,54,71998640,380,60,60.0,0.109,0.1,181.194,3420584,7128.7,0.0
0,0.006,2.3e-05,1.5e-05,4459640,2292346,9,0,127807,127806,2,0.003,0.001,0.025,0,45,71998639,380,60,60.0,0.087,0.1,181.225,3420584,7129.4,0.0
0,0.006,2.3e-05,1.5e-05,4460853,2292796,9,0,127844,127843,2,0.003,0.001,0.025,0,45,71998639,380,60,60.0,0.185,0.1,181.263,3420584,7130.401,0.0
0,0.007,2.3e-05,1.4e-05,4461821,2293233,9,0,127878,127877,2,0.003,0.001,0.025,0,53,71998638,380,60,60.0,0.193,0.1,181.321,3420584,7131.382,0.186
0,0.007,2.3e-05,1.4e-05,4462027,2293556,9,0,127895,127894,2,0.003,0.001,0.025,0,45,71998640,937,60,60.0,0.193,0.1,181.349,3420584,7132.441,0.244
0,0.007,2.3e-05,1.4e-05,4462183,2293763,9,0,127905,127904,2,0.003,0.0,0.025,0,45,71998639,937,60,60.0,0.104,0.09,181.371,3420584,7133.342,0.144
0,0.007,2.3e-05,1.4e-05,4462351,2293981,9,0,127917,127916,2,0.003,0.0,0.025,0,45,71998639,937,60,60.0,0.177,0.09,181.393,3420584,7134.342,0.144
0,0.007,2.3e-05,1.4e-05,4463099,2294234,9,0,127936,127935,2,0.003,0.0,0.025,7,45,71998638,954,60,60.0,0.387,0.09,181.421,3420584,7137.576,2.377
0,0.004,1.9e-05,1.3e-05,4463778,2294486,9,0,127954,127951,2,0.003,0.0,0.025,249,45,71998638,981,60,60.0,0.126,0.09,181.45,3420584,7139.805,3.605
0,0.004,1.9e-05,1.3e-05,4464225,2294734,9,0,127970,127969,2,0.003,0.0,0.025,0,45,71998637,981,60,60.0,0.068,0.09,181.473,3420608,7139.805,2.604
0,0.004,1.9e-05,1.3e-05,4464632,2294962,9,0,127984,127983,2,0.003,0.0,0.025,0,45,71998636,981,60,60.0,0.167,0.08,181.497,3420608,7143.205,5.004
0,0.004,1.9e-05,1.3e-05,4464788,2295169,9,0,127994,127993,2,0.003,0.0,0.025,0,45,71998635,981,60,60.0,0.243,0.08,181.518,3420608,7143.205,4.003
0,0.004,1.9e-05,1.3e-05,4464971,2295392,9,0,128007,128006,2,0.003,0.0,0.025,0,45,71998635,981,60,60.0,0.26,0.08,181.54,3420608,7143.205,3.002
0,0.003,1.9e-05,1.4e-05,4465139,2295615,9,0,128017,128016,2,0.003,0.001,0.025,0,45,71998636,981,60,60.0,0.174,0.08,181.561,3420608,7143.205,2.001
0,0.003,1.9e-05,1.4e-05,4465531,2295832,9,0,128029,128028,2,0.003,0.0,0.025,0,45,71998637,1045,60,60.0,0.254,0.08,181.586,3420608,7145.415,3.21
0,0.003,1.9e-05,1.4e-05,4465682,2296045,9,0,128040,128039,2,0.003,0.0,0.025,0,45,71998637,1045,60,60.0,0.123,0.16,181.607,3420608,7145.415,2.21
0,0.003,1.9e-05,1.4e-05,4466255,2296283,9,0,128056,128055,2,0.003,0.0,0.025,0,45,71998641,1045,60,60.0,0.133,0.16,181.63,3420608,7146.45,2.244
0,0.003,1.9e-05,1.4e-05,4466536,2296505,9,0,128069,128068,2,0.003,0.0,0.025,0,45,71998640,1045,60,60.0,0.261,0.16,181.654,3420608,7147.25,2.044
0,0.003,1.8e-05,1.3e-05,4466758,2296728,9,0,128079,128078,2,0.003,0.0,0.025,0,45,71998640,1045,60,60.0,0.261,0.16,181.676,3420356,7148.25,2.042
0,0.003,1.8e-05,1.3e-05,4467939,2297006,9,0,128103,128102,2,0.003,0.0,0.025,0,45,71998641,1183,60,60.0,0.323,0.16,181.707,3420372,7153.107,5.899
0,0.003,1.8e-05,1.3e-05,4468123,2297233,9,0,128114,128113,2,0.003,0.0,0.025,0,45,71998641,1183,60,60.0,0.204,0.14,181.729,3420372,7153.107,4.898
0,0.003,1.8e-05,1.3e-05,4468285,2297431,9,0,128125,128124,2,0.003,0.0,0.025,0,45,71998641,1183,60,60.0,0.207,0.14,181.749,3420372,7153.107,3.898
0,0.003,1.8e-05,1.3e-05,4468474,2297649,9,0,128137,128136,2,0.003,0.0,0.025,0,45,71998640,1183,60,60.0,0.204,0.14,181.771,3420372,7153.107,2.897
0,0.003,2e-05,1.4e-05,4468995,2297911,9,0,128152,128151,2,0.003,0.0,0.025,0,45,71998640,1237,60,60.0,0.209,0.14,181.796,3420372,7153.351,2.141
0,0.003,2e-05,1.4e-05,4470029,2298184,9,0,128178,128177,2,0.003,0.0,0.025,0,45,71998639,1353,60,60.0,0.176,0.14,181.824,3420372,7155.626,3.415
0,0.003,2e-05,1.4e-05,4470217,2298402,9,0,128190,128189,2,0.003,0.0,0.025,0,45,71998638,1353,60,60.0,0.284,0.13,181.845,3420372,7155.626,2.414
0,0.003,2e-05,1.4e-05,4470841,2298654,9,0,128206,128205,2,0.003,0.0,0.025,0,45,71998642,1411,60,60.0,0.23,0.13,181.869,3420372,7156.235,2.022
0,0.003,2e-05,1.4e-05,4472688,2298977,9,0,128242,128241,2,0.003,0.0,0.025,0,45,71998642,1643,60,60.0,0.1,0.13,181.899,3420372,7157.858,2.644
0,0.005,2.5e-05,1.8e-05,4473590,2299250,9,0,128262,128261,2,0.003,0.0,0.025,0,45,71998641,1841,60,60.0,0.13,0.13,181.925,3419868,7158.608,2.394
0,0.005,2.5e-05,1.8e-05,4474618,2299539,9,0,128286,128285,2,0.003,0.0,0.025,0,45,71998641,1968,60,60.0,0.274,0.13,181.952,3419924,7159.579,2.365
0,0.005,2.5e-05,1.8e-05,4476482,2299866,9,0,128325,128324,2,0.003,0.0,0.025,0,45,71998640,2146,60,60.0,0.27,0.12,181.981,3419924,7160.832,2.617
0,0.005,2.5e-05,1.8e-05,4478255,2300188,9,0,128360,128359,2,0.003,0.0,0.025,8,780,71998641,2447,60,60.0,0.152,0.12,182.012,3419924,7162.129,2.914
0,0.005,2.5e-05,1.8e-05,4479433,2300463,9,0,128382,128382,2,0.003,0.0,0.025,54,956,71998639,2565,60,60.0,0.238,0.12,182.042,3419924,7162.503,2.287
0,0.007,2.9e-05,1.9e-05,4481857,2300825,9,0,128424,128424,2,0.003,0.0,0.025,42,415,71998639,2744,60,60.0,0.16,0.12,182.082,3419924,7163.626,2.409
0,0.007,2.9e-05,1.9e-05,4483869,2301158,9,0,128460,128459,2,0.003,0.0,0.025,16,870,71998640,2966,60,60.0,0.086,0.12,182.122,3419924,7164.844,2.627
0,0.007,2.9e-05,1.9e-05,4485671,2301495,9,0,128493,128492,2,0.003,0.0,0.025,0,45,71998640,3130,60,60.0,0.313,0.11,182.157,3420084,7165.941,2.723
0,0.007,2.9e-05,1.9e-05,4486156,2301718,9,0,128509,128508,2,0.003,0.0,0.025,0,45,71998638,3217,60,60.0,0.11,0.11,182.18,3419952,7166.271,2.051
0,0.007,2.9e-05,1.9e-05,4487647,2302016,9,0,128539,128536,2,0.003,0.001,0.025,397,54,71998637,3827,60,60.0,0.182,0.11,182.215,3419952,7168.345,3.124
0,0.009,3.2e-05,2e-05,4488237,2302299,9,0,128554,128553,2,0.003,0.001,0.025,0,45,71998629,3827,60,60.0,0.339,0.11,182.237,3420100,7168.345,2.124
0,0.009,3.2e-05,2e-05,4489494,2302582,9,0,128582,128581,2,0.003,0.0,0.025,0,45,71998629,4210,60,60.0,0.019,0.11,182.268,3420204,7169.447,2.226
0,0.009,3.2e-05,2e-05,4491720,2302960,9,0,128625,128625,2,0.003,0.0,0.025,11,54,71998631,4515,60,60.0,0.331,0.1,182.302,3420204,7170.885,2.663
0,0.009,3.2e-05,2e-05,4493049,2303267,9,0,128654,128652,2,0.003,0.001,0.025,10,264,71998633,4821,60,60.0,0.104,0.1,182.332,3420204,7171.266,2.044
0,0.009,3.2e-05,2e-05,4494438,2303545,9,0,128680,128679,2,0.003,0.0,0.025,0,663,71998633,5005,60,60.0,0.167,0.1,182.365,3420248,7172.337,2.114
0,0.007,2.8e-05,1.9e-05,4497302,2303963,9,0,128729,128728,2,0.003,0.0,0.025,16,524,71998634,5305,60,60.0,0.221,0.1,182.412,3420248,7173.707,2.483
0,0.007,2.8e-05,1.9e-05,4498936,2304280,9,0,128758,128757,2,0.003,0.0,0.025,35,1809,71998636,5661,60,60.0,0.117,0.1,182.453,3420248,7175.136,2.911
0,0.007,2.8e-05,1.9e-05,4501069,2304608,9,0,128795,128794,2,0.003,0.001,0.025,23,994,71998636,5803,60,60.0,0.136,0.09,182.49,3420248,7175.465,2.239
0,0.007,2.8e-05,1.9e-05,4503560,2304976,9,0,128837,128836,2,0.003,0.0,0.025,0,211,71998637,5958,60,60.0,0.02,0.09,182.531,3420248,7176.505,2.279
0,0.007,2.8e-05,1.9e-05,4505686,2305338,9,0,128876,128874,2,0.003,0.0,0.025,0,1031,71998635,6315,60,60.0,0.347,0.09,182.572,3420248,7177.934,2.707
0,0.011,3.5e-05,1.9e-05,4507345,2305646,9,0,128905,128904,2,0.003,0.0,0.025,0,587,71998635,6458,60,60.0,0.267,0.09,182.605,3420260,7178.263,2.035
0,0.011,3.5e-05,1.9e-05,4509654,2306004,9,0,128945,128944,2,0.003,0.0,0.025,0,45,71998635,6674,60,60.0,0.227,0.09,182.643,3420260,7179.537,2.309
0,0.011,3.5e-05,1.9e-05,4510598,2306286,9,0,128967,128966,2,0.003,0.0,0.025,0,45,71998635,6765,60,60.0,0.174,0.08,182.669,3420260,7180.564,2.336
0,0.011,3.5e-05,1.9e-05,4511284,2306529,9,0,128987,128986,2,0.003,0.0,0.025,0,45,71998634,6870,60,60.0,0.281,0.08,182.694,3420268,7181.948,2.719
0,0.011,3.5e-05,1.9e-05,4511847,2306767,9,0,129003,129002,2,0.003,0.001,0.025,0,45,71998636,6955,60,60.0,0.232,0.08,182.716,3420268,7182.318,2.088
0,0.007,2.8e-05,1.9e-05,4512942,2307074,9,0,129028,129026,2,0.003,0.0,0.025,0,45,71998636,7122,60,60.0,0.157,0.08,182.744,3420268,7183.251,2.02
0,0.007,2.8e-05,1.9e-05,4514403,2307377,9,0,129059,129058,2,0.003,0.0,0.025,0,45,71998637,7370,60,60.0,0.25,0.08,182.773,3420268,7184.363,2.131
0,0.007,2.8e-05,1.9e-05,4516518,2307740,9,0,129100,129099,2,0.003,0.0,0.025,0,45,71998645,7790,60,60.0,0.218,0.08,182.807,3420268,7185.682,2.45
0,0.007,2.8e-05,1.9e-05,4517660,2308047,9,0,129127,129126,2,0.003,0.0,0.025,0,45,71998644,7890,60,60.0,0.245,0.08,182.834,3420268,7186.273,2.04
0,0.007,2.8e-05,1.9e-05,4518957,2308325,9,0,129154,129153,2,0.003,0.0,0.025,0,45,71998644,8194,60,60.0,0.212,0.08,182.863,3420280,7188.144,2.91
0,0.007,2.9e-05,1.9e-05,4519693,2308598,9,0,129174,129173,2,0.003,0.001,0.025,0,45,71998645,8332,60,60.0,0.243,0.08,182.889,3420280,7189.124,2.89
0,0.007,2.9e-05,1.9e-05,4520352,2308860,9,0,129192,129191,2,0.003,0.0,0.025,0,45,71998646,8515,60,60.0,0.174,0.08,182.914,3420280,7189.909,2.674
0,0.007,2.9e-05,1.9e-05,4520978,2309098,9,0,129211,129210,2,0.003,0.0,0.025,0,45,71998650,8577,60,60.0,0.066,0.07,182.938,3420280,7190.868,2.633
0,0.007,2.9e-05,1.9e-05,4521542,2309331,9,0,129225,129225,2,0.003,0.0,0.025,10,54,71998652,8702,60,60.0,0.083,0.07,182.962,3420280,7191.764,2.527
0,0.007,2.9e-05,1.9e-05,4522449,2309618,9,0,129248,129248,2,0.003,0.0,0.025,0,54,71998651,8889,60,60.0,0.07,0.07,182.988,3420280,7192.577,2.34
0,0.005,2.3e-05,1.7e-05,4522940,2309856,9,0,129265,129264,2,0.003,0.0,0.025,0,45,71998654,9007,60,60.0,0.341,0.07,183.013,3420280,7193.434,2.196
0,0.005,2.3e-05,1.7e-05,4524984,2310224,9,0,129308,129306,2,0.003,0.0,0.025,0,45,71998652,9215,60,60.0,0.346,0.07,183.044,3420280,7194.955,2.716
0,0.005,2.3e-05,1.7e-05,4525700,2310501,9,0,129328,129327,2,0.003,0.0,0.025,0,45,71998650,9314,60,60.0,0.197,0.07,183.07,3420280,7195.95,2.71
0,0.005,2.3e-05,1.7e-05,4526174,2310719,9,0,129343,129342,2,0.003,0.0,0.025,0,45,71998650,9376,60,60.0,0.133,0.07,183.093,3420280,7196.817,2.577
0,0.005,2.3e-05,1.7e-05,4527043,2310987,9,0,129366,129364,2,0.003,0.0,0.025,0,45,71998647,9511,60,60.0,0.319,0.07,183.119,3420280,7198.175,2.935
0,0.006,2.5e-05,1.8e-05,4528016,2311284,9,0,129389,129386,2,0.003,0.0,0.025,92,54,71998646,9668,60,60.0,0.131,0.07,183.146,3420280,7199.862,3.622
0,0.006,2.5e-05,1.8e-05,4528259,2311492,9,0,129400,129399,2,0.003,0.0,0.025,0,45,71998645,9668,60,60.0,0.258,0.07,183.166,3420280,7199.862,2.621
0,0.006,2.5e-05,1.8e-05,4529044,2311755,9,0,129421,129420,2,0.003,0.0,0.025,0,45,71998647,9856,60,60.0,0.264,0.06,183.193,3420280,7201.115,2.874
0,0.006,2.5e-05,1.8e-05,4530156,2312057,9,0,129447,129446,2,0.003,0.0,0.025,0,45,71998647,10004,60,60.0,0.23,0.06,183.22,3420280,7202.719,3.477
0,0.006,2.5e-05,1.8e-05,4530303,2312250,9,0,129457,129456,2,0.003,0.0,0.025,0,45,71998648,10004,60,60.0,0.152,0.06,183.24,3420280,7202.719,2.476
0,0.004,2.2e-05,1.7e-05,4531574,2312573,9,0,129487,129486,2,0.003,0.0,0.025,0,45,71998645,10181,60,60.0,0.226,0.06,183.269,3420280,7204.045,2.802
0,0.004,2.2e-05,1.7e-05,4532998,2312890,9,0,129516,129515,2,0.003,0.001,0.025,0,45,71998644,10307,60,60.0,0.131,0.06,183.295,3420284,7204.949,2.704
0,0.004,2.2e-05,1.7e-05,4533746,2313143,9,0,129538,129537,2,0.003,0.0,0.025,0,45,71998643,10369,60,60.0,0.176,0.06,183.32,3420284,7206.214,2.968
0,0.004,2.2e-05,1.7e-05,4534385,2313381,9,0,129556,129553,2,0.003,0.0,0.025,48,54,71998643,10462,60,60.0,0.217,0.06,183.344,3420284,7207.182,2.936
0,0.004,2.2e-05,1.7e-05,4535054,2313648,9,0,129573,129572,2,0.003,0.001,0.025,0,45,71998645,10577,60,60.0,0.141,0.06,183.369,3423800,7208.1,2.853
0,0.006,2.5e-05,1.8e-05,4535835,2313906,9,0,129593,129592,2,0.003,0.0,0.025,8,45,71998643,10638,60,60.0,0.242,0.06,183.392,3423588,7209.275,3.027
0,0.006,2.5e-05,1.8e-05,4536006,2314119,9,0,129604,129603,2,0.003,0.0,0.025,0,45,71998643,10638,60,60.0,0.242,0.06,183.413,3423588,7209.275,2.027
0,0.006,2.5e-05,1.8e-05,4537122,2314406,9,0,129627,129626,2,0.003,0.0,0.025,0,45,71998641,10885,60,60.0,0.013,0.05,183.44,3423588,7211.041,2.793
0,0.006,2.5e-05,1.8e-05,4537891,2314649,9,0,129647,129646,2,0.003,0.0,0.025,0,45,71998639,11004,60,60.0,0.239,0.05,183.464,3423588,7212.149,2.9
0,0.006,2.5e-05,1.8e-05,4539317,2314952,9,0,129678,129675,2,0.003,0.0,0.025,49,45,71998640,11183,60,60.0,0.29,0.05,183.491,3423588,7213.923,3.674
0,0.005,2.5e-05,1.8e-05,4539511,2315199,9,0,129688,129687,2,0.003,0.0,0.025,0,45,71998643,11183,60,60.0,0.29,0.05,183.513,3423336,7213.923,2.673
0,0.005,2.5e-05,1.8e-05,4540786,2315487,9,0,129717,129716,2,0.003,0.0,0.025,0,45,71998643,11272,60,60.0,0.189,0.05,183.54,3423336,7214.732,2.48
0,0.005,2.5e-05,1.8e-05,4541565,2315750,9,0,129738,129737,2,0.003,0.0,0.025,0,45,71998644,11371,60,60.0,0.295,0.05,183.566,3423336,7215.727,2.474
0,0.005,2.5e-05,1.8e-05,4542084,2316012,9,0,129756,129755,2,0.003,0.0,0.025,0,45,71998642,11433,60,60.0,0.206,0.05,183.591,3423336,7216.594,2.341
0,0.005,2.5e-05,1.8e-05,4542926,2316260,9,0,129777,129776,2,0.003,0.0,0.025,0,45,71998640,11569,60,60.0,0.174,0.05,183.616,3423336,7217.952,2.698
0,0.005,2.3e-05,1.7e-05,4544050,2316558,9,0,129802,129801,2,0.003,0.0,0.025,0,45,71998638,11728,60,60.0,0.085,0.05,183.643,3423336,7219.64,3.385
0,0.005,2.3e-05,1.7e-05,4544229,2316784,9,0,129814,129813,2,0.003,0.0,0.025,0,45,71998641,11728,60,60.0,0.236,0.05,183.665,3423360,7219.64,2.384
0,0.005,2.3e-05,1.7e-05,4544979,2317017,9,0,129834,129833,2,0.003,0.0,0.025,0,45,71998639,11916,60,60.0,0.176,0.04,183.69,3423360,7220.892,2.637
0,0.005,2.3e-05,1.7e-05,4546127,2317299,9,0,129861,129860,2,0.003,0.0,0.025,0,45,71998637,12066,60,60.0,0.299,0.04,183.717,3423360,7222.497,3.24
0,0.005,2.3e-05,1.7e-05,4546290,2317514,9,0,129872,129871,2,0.003,0.0,0.025,0,45,71998635,12066,60,60.0,0.284,0.04,183.738,3423360,7222.497,2.239
0,0.004,2.2e-05,1.6e-05,4547581,2317815,9,0,129901,129900,2,0.003,0.0,0.025,0,45,71998635,12238,60,60.0,0.218,0.04,183.766,3423360,7223.822,2.565
0,0.004,2.2e-05,1.6e-05,4549088,2318133,9,0,129933,129932,2,0.003,0.0,0.025,0,45,71998633,12362,60,60.0,0.325,0.04,183.792,3423364,7224.726,2.467
0,0.004,2.2e-05,1.6e-05,4549794,2318405,9,0,129953,129952,2,0.003,0.0,0.025,0,45,71998632,12470,60,60.0,0.181,0.04,183.818,3423364,7226.01,2.75
0,0.004,2.2e-05,1.6e-05,4550557,2318653,9,0,129974,129973,2,0.003,0.0,0.025,0,45,71998630,12563,60,60.0,0.101,0.04,183.842,3423364,7226.974,2.714
0,0.004,2.2e-05,1.6e-05,4551137,2318896,9,0,129991,129990,2,0.003,0.0,0.025,0,45,71998628,12677,60,60.0,0.146,0.04,183.866,3423364,7227.892,2.631
0,0.006,2.5e-05,1.8e-05,4551973,2319193,9,0,130013,130012,2,0.003,0.0,0.025,0,45,71998628,12739,60,60.0,0.206,0.04,183.891,3423112,7229.067,2.805
0,0.006,2.5e-05,1.8e-05,4553090,2319466,9,0,130040,130038,2,0.003,0.0,0.025,0,45,71998629,12988,60,60.0,0.105,0.04,183.918,3423124,7230.834,3.571
0,0.006,2.5e-05,1.8e-05,4553254,2319695,9,0,130051,130050,2,0.003,0.001,0.025,0,45,71998627,12988,60,60.0,0.355,0.04,183.94,3423124,7230.834,2.57
0,0.006,2.5e-05,1.8e-05,4554020,2319972,9,0,130072,130071,2,0.003,0.001,0.025,0,45,71998627,13107,60,60.0,0.093,0.04,183.965,3423124,7231.942,2.677
0,0.006,2.5e-05,1.8e-05,4555515,2320275,9,0,130104,130103,2,0.003,0.0,0.025,0,45,71998627,13286,60,60.0,0.268,0.04,183.994,3423124,7233.716,3.45
0,0.005,2.4e-05,1.8e-05,4555703,2320508,9,0,130116,130115,2,0.003,0.0,0.025,0,45,71998627,13286,60,60.0,0.072,0.04,184.016,3423124,7233.716,2.449
0,0.005,2.4e-05,1.8e-05,4556977,2320825,9,0,130145,130144,2,0.003,0.0,0.025,0,45,71998626,13375,60,60.0,0.248,0.04,184.043,3423140,7234.524,2.258
0,0.005,2.4e-05,1.8e-05,4557856,2321083,9,0,130168,130167,2,0.003,0.0,0.025,0,45,71998625,13534,60,60.0,0.197,0.03,184.069,3423140,7235.585,2.317
0,0.005,2.4e-05,1.8e-05,4558289,2321316,9,0,130182,130182,2,0.003,0.0,0.025,0,54,71998626,13646,60,60.0,0.237,0.03,184.093,3423140,7236.437,2.168
0,0.005,2.4e-05,1.8e-05,4559283,2321603,9,0,130206,130205,2,0.003,0.0,0.025,0,45,71998626,13782,60,60.0,0.185,0.03,184.119,3423140,7237.834,2.564
0,0.005,2.3e-05,1.7e-05,4560476,2321896,9,0,130233,130232,2,0.003,0.0,0.025,0,45,71998627,13942,60,60.0,0.172,0.03,184.145,3423140,7239.56,3.291
0,0.005,2.3e-05,1.7e-05,4560643,2322114,9,0,130245,130244,2,0.003,0.0,0.025,0,45,71998628,13942,60,60.0,0.195,0.03,184.167,3423144,7239.56,2.29
0,0.005,2.3e-05,1.7e-05,4561360,2322376,9,0,130263,130262,2,0.003,0.0,0.025,0,45,71998628,14130,60,60.0,0.195,0.11,184.193,3423144,7240.841,2.57
0,0.005,2.3e-05,1.7e-05,4562532,2322649,9,0,130289,130288,2,0.003,0.0,0.025,0,45,71998631,14279,60,60.0,0.193,0.11,184.219,3423144,7242.484,3.212
0,0.005,2.3e-05,1.7e-05,4562714,2322872,9,0,130302,130301,2,0.003,0.0,0.025,0,45,71998630,14279,60,60.0,0.161,0.11,184.241,3423144,7242.484,2.211
0,0.005,2.2e-05,1.7e-05,4563916,2323199,9,0,130329,130329,2,0.003,0.0,0.025,0,54,71998630,14456,60,60.0,0.084,0.11,184.269,3423144,7243.837,2.564
0,0.005,2.2e-05,1.7e-05,4565436,2323507,9,0,130363,130362,2,0.003,0.0,0.025,0,45,71998630,14581,60,60.0,0.441,0.11,184.297,3423144,7244.749,2.474
0,0.005,2.2e-05,1.7e-05,4566205,2323765,9,0,130383,130382,2,0.003,0.0,0.025,0,45,71998630,14663,60,60.0,0.185,0.1,184.322,3423152,7246.009,2.734
0,0.005,2.2e-05,1.7e-05,4566933,2324042,9,0,130404,130403,2,0.003,0.0,0.025,0,45,71998631,14786,60,60.0,0.28,0.1,184.348,3423152,7247.025,2.749
0,0.005,2.2e-05,1.7e-05,4567598,2324285,9,0,130424,130423,2,0.003,0.0,0.025,0,45,71998633,14931,60,60.0,0.14,0.1,184.373,3423152,7247.922,2.645
0,0.006,2.4e-05,1.8e-05,4568410,2324572,9,0,130444,130443,2,0.003,0.0,0.025,0,45,71998630,14993,60,60.0,0.212,0.1,184.398,3423152,7249.098,2.82
0,0.006,2.4e-05,1.8e-05,4569516,2324860,9,0,130470,130469,2,0.003,0.0,0.025,0,45,71998630,15213,60,60.0,0.075,0.1,184.426,3423160,7250.865,3.587
0,0.006,2.4e-05,1.8e-05,4569700,2325068,9,0,130483,130482,2,0.003,0.0,0.025,0,45,71998631,15213,60,60.0,0.241,0.09,184.448,3423160,7250.865,2.586
0,0.006,2.4e-05,1.8e-05,4570469,2325335,9,0,130501,130501,2,0.003,0.0,0.025,0,54,71998631,15272,60,60.0,0.292,0.09,184.471,3423164,7251.965,2.685
0,0.006,2.4e-05,1.8e-05,4571909,2325648,9,0,130532,130532,2,0.003,0.0,0.025,16,54,71998632,15448,60,60.0,0.044,0.09,184.5,3423164,7253.733,3.452
0,0.005,2.4e-05,1.8e-05,4572122,2325871,9,0,130546,130545,2,0.003,0.0,0.025,0,45,71998632,15448,60,60.0,0.108,0.09,184.522,3423164,7253.733,2.451
0,0.005,2.4e-05,1.8e-05,4573700,2326213,9,0,130580,130579,2,0.003,0.0,0.025,0,45,71998632,15633,60,60.0,0.199,0.09,184.551,3423164,7254.964,2.682
0,0.005,2.4e-05,1.8e-05,4574507,2326481,9,0,130602,130601,2,0.003,0.0,0.025,0,45,71998633,15713,60,60.0,0.256,0.08,184.577,3423164,7255.895,2.611
0,0.005,2.4e-05,1.8e-05,4575166,2326724,9,0,130622,130621,2,0.003,0.0,0.025,0,45,71998631,15769,60,60.0,0.214,0.08,184.601,3423172,7257.143,2.859
0,0.005,2.4e-05,1.8e-05,4575899,2326991,9,0,130641,130640,2,0.003,0.0,0.025,0,45,71998630,15908,60,60.0,0.163,0.08,184.626,3423172,7258.121,2.836
0,0.005,2.3e-05,1.7e-05,4576417,2327239,9,0,130656,130655,2,0.003,0.0,0.025,0,45,71998630,15968,60,60.0,0.087,0.08,184.649,3423172,7258.938,2.652
0,0.005,2.3e-05,1.7e-05,4577061,2327472,9,0,130674,130673,2,0.003,0.0,0.025,0,45,71998630,16027,60,60.0,0.157,0.08,184.673,3423172,7260.116,2.83
0,0.005,2.3e-05,1.7e-05,4577685,2327724,9,0,130690,130689,2,0.003,0.0,0.025,0,45,71998630,16152,60,60.0,0.16,0.08,184.698,3423172,7261.012,2.726
0,0.005,2.3e-05,1.7e-05,4578315,2327972,9,0,130708,130707,2,0.003,0.0,0.025,0,45,71998630,16218,60,60.0,0.255,0.08,184.721,3423172,7261.831,2.544
0,0.005,2.3e-05,1.7e-05,4578898,2328220,9,0,130726,130725,2,0.003,0.0,0.025,0,45,71998629,16278,60,60.0,0.128,0.08,184.746,3423180,7262.934,2.646
0,0.004,2.2e-05,1.6e-05,4580377,2328542,9,0,130756,130755,2,0.003,0.001,0.025,0,45,71998631,16481,60,60.0,0.213,0.08,184.774,3423180,7264.141,2.852
0,0.004,2.2e-05,1.6e-05,4581385,2328825,9,0,130781,130780,2,0.003,0.0,0.025,8,45,71998631,16550,60,60.0,0.134,0.08,184.8,3423180,7264.604,2.314
0,0.004,2.2e-05,1.6e-05,4582156,2329083,9,0,130801,130800,2,0.003,0.0,0.025,0,45,71998632,16638,60,60.0,0.182,0.07,184.825,3423180,7265.585,2.294
0,0.004,2.2e-05,1.6e-05,4582621,2329310,9,0,130815,130814,2,0.003,0.0,0.025,0,45,71998633,16699,60,60.0,0.189,0.07,184.849,3423180,7266.453,2.161
0,0.004,2.2e-05,1.6e-05,4583462,2329583,9,0,130838,130837,2,0.003,0.0,0.025,0,45,71998633,16860,60,60.0,0.239,0.07,184.874,3422928,7267.761,2.469
0,0.005,2.4e-05,1.8e-05,4584569,2329886,9,0,130863,130863,2,0.003,0.0,0.025,10,54,71998634,17010,60,60.0,0.21,0.07,184.901,3422676,7269.474,3.181
0,0.005,2.4e-05,1.8e-05,4584766,2330098,9,0,130875,130874,2,0.003,0.0,0.025,0,45,71998633,17010,60,60.0,0.431,0.07,184.922,3422676,7269.474,2.18
0,0.005,2.4e-05,1.8e-05,4585531,2330361,9,0,130896,130895,2,0.003,0.0,0.025,0,45,71998634,17199,60,60.0,0.08,0.07,184.947,3422676,7270.706,2.411
0,0.005,2.4e-05,1.8e-05,4586583,2330639,9,0,130920,130919,2,0.003,0.001,0.025,0,45,71998633,17351,60,60.0,0.215,0.07,184.973,3422676,7272.293,2.997
0,0.005,2.4e-05,1.8e-05,4586894,2330841,9,0,130931,130928,2,0.003,0.0,0.025,214,537,71998633,17500,60,60.0,0.188,0.07,184.997,3422676,7273.588,3.289
0,0.005,2.5e-05,1.8e-05,4587808,2331124,9,0,130951,130950,2,0.003,0.0,0.025,0,45,71998633,17500,60,60.0,0.127,0.07,185.019,3422676,7273.588,2.289
0,0.005,2.5e-05,1.8e-05,4589329,2331437,9,0,130982,130981,2,0.003,0.0,0.025,0,45,71998633,17656,60,60.0,0.03,0.07,185.046,3422676,7274.672,2.373
0,0.005,2.5e-05,1.8e-05,4589963,2331679,9,0,130999,130998,2,0.003,0.0,0.025,0,45,71998634,17715,60,60.0,0.143,0.06,185.07,3422676,7275.539,2.24
0,0.005,2.5e-05,1.8e-05,4590636,2331937,9,0,131019,131018,2,0.003,0.0,0.025,0,45,71998634,17774,60,60.0,0.132,0.06,185.095,3422676,7276.786,2.486
0,0.005,2.5e-05,1.8e-05,4591329,2332175,9,0,131035,131034,2,0.003,0.0,0.025,0,45,71998635,17917,60,60.0,0.182,0.06,185.119,3422676,7277.767,2.466
0,0.005,2.4e-05,1.7e-05,4591801,2332412,9,0,131048,131047,2,0.003,0.0,0.025,0,45,71998635,17978,60,60.0,0.182,0.06,185.142,3422676,7278.582,2.28
0,0.005,2.4e-05,1.7e-05,4592426,2332646,9,0,131065,131064,2,0.003,0.001,0.025,0,45,71998635,18039,60,60.0,0.185,0.06,185.166,3422708,7279.759,2.456
0,0.005,2.4e-05,1.7e-05,4593059,2332878,9,0,131082,131081,2,0.003,0.0,0.025,0,45,71998637,18165,60,60.0,0.174,0.06,185.19,3422708,7280.654,2.35
0,0.005,2.4e-05,1.7e-05,4593676,2333109,9,0,131099,131098,2,0.003,0.0,0.025,0,45,71998637,18295,60,60.0,0.032,0.06,185.215,3422708,7281.475,2.17
0,0.005,2.4e-05,1.7e-05,4594255,2333344,9,0,131116,131115,2,0.003,0.0,0.025,0,45,71998638,18418,60,60.0,0.176,0.06,185.239,3422708,7282.586,2.28
0,0.004,2.2e-05,1.6e-05,4595746,2333677,9,0,131148,131147,2,0.003,0.0,0.025,0,45,71998638,18594,60,60.0,0.224,0.06,185.268,3422708,7283.797,2.491
0,0.004,2.2e-05,1.6e-05,4597321,2333989,9,0,131181,131178,2,0.003,0.0,0.025,0,45,71998636,18757,60,60.0,0.16,0.06,185.298,3422708,7285.248,2.941
0,0.004,2.2e-05,1.6e-05,4597795,2334232,9,0,131196,131195,2,0.003,0.0,0.025,0,45,71998636,18841,60,60.0,0.284,0.05,185.321,3422708,7286.115,2.807
0,0.004,2.2e-05,1.6e-05,4598584,2334495,9,0,131217,131216,2,0.003,0.0,0.025,0,45,71998635,18983,60,60.0,0.14,0.05,185.347,3422708,7287.414,3.106
0,0.004,2.2e-05,1.6e-05,4598743,2334717,9,0,131227,131226,2,0.003,0.0,0.025,0,45,71998639,18983,60,60.0,0.287,0.05,185.369,3422708,7287.414,2.105
0,0.005,2.5e-05,1.8e-05,4599828,2335000,9,0,131252,131251,2,0.003,0.0,0.025,0,45,71998639,19138,60,60.0,0.25,0.05,185.395,3422708,7289.125,2.816
0,0.005,2.5e-05,1.8e-05,4600599,2335263,9,0,131273,131272,2,0.003,0.0,0.025,0,45,71998637,19330,60,60.0,0.337,0.05,185.421,3422716,7290.357,3.047
0,0.005,2.5e-05,1.8e-05,4600782,2335495,9,0,131286,131284,2,0.003,0.0,0.025,0,45,71998636,19330,60,60.0,0.257,0.05,185.444,3422716,7290.357,2.047
0,0.005,2.5e-05,1.8e-05,4601811,2335769,9,0,131309,131308,2,0.003,0.0,0.025,0,45,71998634,19487,60,60.0,0.118,0.05,185.47,3422716,7291.944,2.633
0,0.005,2.5e-05,1.8e-05,4602929,2336057,9,0,131335,131334,2,0.003,0.0,0.025,0,45,71998635,19639,60,60.0,0.237,0.05,185.497,3422716,7293.239,2.928
0,0.005,2.4e-05,1.8e-05,4604059,2336364,9,0,131361,131358,2,0.003,0.001,0.025,80,45,71998634,19729,60,60.0,0.103,0.05,185.523,3422716,7294.155,2.843
0,0.005,2.4e-05,1.8e-05,4604859,2336622,9,0,131382,131381,2,0.003,0.0,0.025,0,45,71998635,19796,60,60.0,0.124,0.05,185.547,3422716,7295.088,2.775
0,0.005,2.4e-05,1.8e-05,4605482,2336870,9,0,131400,131399,2,0.003,0.0,0.025,0,45,71998637,19858,60,60.0,0.098,0.04,185.571,3422716,7295.76,2.447
0,0.005,2.4e-05,1.8e-05,4606018,2337122,9,0,131416,131415,2,0.003,0.0,0.025,0,45,71998637,20081,60,60.0,0.454,0.04,185.598,3422716,7296.443,2.129
0,0.005,2.4e-05,1.8e-05,4607495,2337405,9,0,131446,131443,2,0.003,0.0,0.025,910,54,71998637,20473,60,60.0,0.028,0.04,185.628,3422716,7298.849,3.534
0,0.006,2.7e-05,1.9e-05,4608628,2337708,9,0,131469,131469,2,0.003,0.0,0.025,10,54,71998636,20473,60,60.0,0.178,0.04,185.65,3422716,7298.849,2.533
0,0.006,2.7e-05,1.9e-05,4609603,2337985,9,0,131491,131490,2,0.003,0.0,0.025,0,45,71998637,20576,60,60.0,0.304,0.04,185.674,3422732,7299.328,2.012
0,0.006,2.7e-05,1.9e-05,4610767,2338253,9,0,131516,131515,2,0.003,0.0,0.025,0,45,71998638,20699,60,60.0,0.304,0.04,185.7,3422732,7301.02,2.704
0,0.006,2.7e-05,1.9e-05,4611564,2338516,9,0,131537,131536,2,0.003,0.0,0.025,0,45,71998636,20810,60,60.0,0.216,0.04,185.725,3422732,7301.859,2.543
0,0.006,2.7e-05,1.9e-05,4612107,2338773,9,0,131554,131553,2,0.003,0.0,0.025,0,45,71998635,20901,60,60.0,0.22,0.04,185.75,3422732,7303.095,2.779
0,0.005,2.3e-05,1.7e-05,4612467,2339001,9,0,131568,131567,2,0.003,0.0,0.025,0,45,71998634,20961,60,60.0,0.16,0.04,185.774,3422732,7304.365,3.048
0,0.005,2.3e-05,1.7e-05,4612624,2339209,9,0,131578,131577,2,0.003,0.0,0.025,0,45,71998633,20961,60,60.0,0.06,0.04,185.795,3422732,7304.365,2.047
0,0.005,2.3e-05,1.7e-05,4613057,2339456,9,0,131593,131592,2,0.003,0.0,0.025,0,45,71998632,21054,60,60.0,0.024,0.04,185.82,3422732,7305.642,2.322
0,0.005,2.3e-05,1.7e-05,4613445,2339669,9,0,131607,131606,2,0.003,0.0,0.025,0,45,71998633,21237,60,60.0,0.211,0.04,185.845,3422732,7306.322,2.002
0,0.005,2.3e-05,1.7e-05,4614085,2339912,9,0,131624,131623,2,0.003,0.0,0.025,0,45,71998631,21506,60,60.0,0.23,0.04,185.875,3422732,7308.213,2.891
0,0.003,1.9e-05,1.4e-05,4614378,2340149,9,0,131634,131633,2,0.003,0.0,0.025,8,45,71998632,21570,60,60.0,0.113,0.04,185.899,3422744,7309.355,3.034
0,0.003,1.9e-05,1.4e-05,4614537,2340347,9,0,131645,131644,2,0.003,0.0,0.025,0,45,71998634,21570,60,60.0,0.251,0.04,185.919,3422492,7309.355,2.033
0,0.003,1.9e-05,1.4e-05,4614900,2340565,9,0,131657,131656,2,0.003,0.001,0.025,0,45,71998632,21633,60,60.0,0.142,0.03,185.943,3422492,7310.625,2.302
0,0.003,1.9e-05,1.4e-05,4615206,2340792,9,0,131668,131667,2,0.003,0.001,0.025,0,45,71998633,21696,60,60.0,0.143,0.03,185.966,3422492,7311.7,2.376
0,0.003,1.9e-05,1.4e-05,4615535,2341005,9,0,131682,131681,2,0.003,0.0,0.025,0,45,71998631,21760,60,60.0,0.153,0.03,185.989,3422492,7312.369,2.044
0,0.003,1.8e-05,1.4e-05,4616356,2341283,9,0,131703,131702,2,0.003,0.0,0.025,0,45,71998630,21855,60,60.0,0.209,0.03,186.015,3422492,7314.175,2.85
0,0.003,1.8e-05,1.4e-05,4616727,2341520,9,0,131716,131715,2,0.003,0.0,0.025,0,45,71998631,21919,60,60.0,0.231,0.03,186.039,3422492,7315.445,3.119
0,0.003,1.8e-05,1.4e-05,4616827,2341698,9,0,131723,131722,2,0.003,0.0,0.025,0,45,71998631,21919,60,60.0,0.231,0.03,186.058,3422492,7315.445,2.119
0,0.003,1.8e-05,1.4e-05,4617182,2341926,9,0,131737,131736,2,0.003,0.0,0.025,0,45,71998630,21983,60,60.0,0.32,0.03,186.082,3422492,7316.715,2.388
0,0.003,1.8e-05,1.4e-05,4617566,2342163,9,0,131750,131749,2,0.003,0.0,0.025,0,45,71998632,22110,60,60.0,0.136,0.03,186.106,3422492,7318.09,2.763
0,0.003,1.8e-05,1.4e-05,4617974,2342396,9,0,131765,131764,2,0.003,0.0,0.025,0,45,71998631,22267,60,60.0,0.252,0.03,186.132,3422492,7318.676,2.348
0,0.003,1.8e-05,1.4e-05,4618392,2342619,9,0,131778,131777,2,0.003,0.0,0.025,0,45,71998632,22424,60,60.0,0.156,0.03,186.158,3422508,7320.109,2.78
0,0.003,1.8e-05,1.4e-05,4618737,2342851,9,0,131790,131789,2,0.003,0.0,0.025,0,45,71998636,22487,60,60.0,0.023,0.03,186.181,3422508,7321.379,3.049
0,0.003,1.8e-05,1.4e-05,4618897,2343049,9,0,131801,131800,2,0.003,0.0,0.025,0,45,71998638,22487,60,60.0,0.291,0.03,186.201,3422508,7321.379,2.049
0,0.003,1.8e-05,1.4e-05,4619649,2343302,9,0,131820,131819,2,0.003,0.0,0.025,0,45,71998638,22679,60,60.0,0.208,0.03,186.229,3422508,7322.774,2.443
0,0.003,1.9e-05,1.5e-05,4620280,2343569,9,0,131836,131835,2,0.003,0.0,0.025,0,45,71998636,22837,60,60.0,0.208,0.03,186.254,3422508,7323.788,2.456
0,0.003,1.9e-05,1.5e-05,4621178,2343827,9,0,131859,131858,2,0.003,0.0,0.025,0,45,71998636,22930,60,60.0,0.152,0.03,186.28,3422508,7328.056,5.724
0,0.003,1.9e-05,1.5e-05,4621347,2344040,9,0,131870,131869,2,0.003,0.0,0.025,0,45,71998635,22930,60,60.0,0.133,0.02,186.302,3422508,7328.056,4.724
0,0.003,1.9e-05,1.5e-05,4621493,2344262,9,0,131880,131879,2,0.003,0.0,0.025,0,45,71998634,22930,60,60.0,0.067,0.02,186.322,3422508,7328.056,3.723
0,0.003,1.9e-05,1.5e-05,4621643,2344460,9,0,131891,131890,2,0.003,0.0,0.025,0,45,71998637,22930,60,60.0,0.201,0.02,186.342,3422508,7328.056,2.722
0,0.003,1.9e-05,1.4e-05,4621933,2344693,9,0,131903,131902,2,0.003,0.0,0.025,0,45,71998637,23023,60,60.0,0.275,0.02,186.366,3422264,7328.407,2.072
0,0.003,1.9e-05,1.4e-05,4622679,2344965,9,0,131923,131922,2,0.003,0.0,0.025,0,45,71998638,23227,60,60.0,0.273,0.02,186.4,3422272,7334.571,7.235
0,0.003,1.9e-05,1.4e-05,4622831,2345163,9,0,131934,131933,2,0.003,0.0,0.025,0,45,71998636,23227,60,60.0,0.299,0.02,186.42,3422272,7334.571,6.235
0,0.003,1.9e-05,1.4e-05,4623005,2345376,9,0,131945,131944,2,0.003,0.0,0.025,0,45,71998637,23227,60,60.0,0.257,0.02,186.441,3422272,7334.571,5.234
0,0.003,1.9e-05,1.4e-05,4623151,2345598,9,0,131955,131954,2,0.003,0.0,0.025,0,45,71998636,23227,60,60.0,0.172,0.02,186.461,3422272,7334.571,4.233
0,0.003,1.7e-05,1.2e-05,4623288,2345805,9,0,131965,131964,2,0.003,0.0,0.025,0,45,71998636,23227,60,60.0,0.315,0.02,186.481,3422272,7334.571,3.232
0,0.003,1.7e-05,1.2e-05,4623465,2346018,9,0,131977,131975,2,0.003,0.0,0.025,0,45,71998636,23227,60,60.0,0.259,0.02,186.502,3422272,7334.571,2.232
0,0.003,1.7e-05,1.2e-05,4624374,2346305,9,0,131999,131998,2,0.003,0.0,0.025,0,45,71998631,23322,60,60.0,0.204,0.02,186.53,3422272,7340.46,7.12
0,0.003,1.7e-05,1.2e-05,4624511,2346498,9,0,132009,132008,2,0.003,0.0,0.025,0,45,71998632,23322,60,60.0,0.192,0.02,186.547,3422272,7340.46,6.119
0,0.003,1.7e-05,1.2e-05,4624688,2346716,9,0,132021,132020,2,0.003,0.0,0.025,0,45,71998631,23322,60,60.0,0.13,0.02,186.569,3422272,7340.46,5.118
0,0.003,1.7e-05,1.2e-05,4624840,2346959,9,0,132032,132032,2,0.003,0.0,0.025,0,54,71998630,23322,60,60.0,0.134,0.02,186.59,3422284,7340.46,4.117
0,0.003,1.7e-05,1.2e-05,4625004,2347147,9,0,132044,132043,2,0.003,0.0,0.025,0,45,71998630,23322,60,60.0,0.232,0.02,186.61,3422284,7340.46,3.117
0,0.003,1.7e-05,1.2e-05,4625155,2347349,9,0,132055,132054,2,0.003,0.0,0.025,0,45,71998632,23322,60,60.0,0.17,0.02,186.63,3422284,7340.46,2.116
0,0.003,1.7e-05,1.2e-05,4625825,2347599,9,0,132073,132072,2,0.003,0.0,0.025,0,45,71998631,23608,60,60.0,0.185,0.02,186.661,3422284,7344.31,4.965
0,0.003,1.7e-05,1.2e-05,4625930,2347778,9,0,132081,132080,2,0.003,0.0,0.025,0,45,71998631,23608,60,60.0,0.185,0.02,186.68,3422284,7344.31,3.963
0,0.003,1.6e-05,1.1e-05,4626094,2348005,9,0,132092,132091,2,0.003,0.0,0.025,0,45,71998630,23608,60,60.0,0.221,0.02,186.701,3422284,7344.31,2.962
0,0.003,1.6e-05,1.1e-05,4626716,2348262,9,0,132110,132108,2,0.003,0.0,0.025,0,45,71998629,23701,60,60.0,0.212,0.02,186.725,3422284,7345.136,2.787
0,0.003,1.6e-05,1.1e-05,4627302,2348500,9,0,132128,132127,2,0.003,0.0,0.025,0,45,71998628,23767,60,60.0,0.187,0.02,186.749,3422284,7345.541,2.192
0,0.003,1.6e-05,1.1e-05,4628422,2348788,9,0,132154,132153,2,0.003,0.0,0.025,0,45,71998627,23941,60,60.0,0.314,0.02,186.779,3422284,7350.47,6.12
0,0.003,1.6e-05,1.1e-05,4628585,2349015,9,0,132165,132164,2,0.003,0.0,0.025,0,45,71998625,23941,60,60.0,0.23,0.02,186.8,3422284,7350.47,5.119
0,0.004,2e-05,1.6e-05,4628720,2349228,9,0,132175,132175,2,0.003,0.0,0.025,0,54,71998624,23941,60,60.0,0.112,0.02,186.82,3422284,7350.47,4.118
0,0.004,2e-05,1.6e-05,4628925,2349451,9,0,132189,132188,2,0.003,0.0,0.025,0,45,71998623,23941,60,60.0,0.196,0.02,186.843,3422284,7350.47,3.118
0,0.004,2e-05,1.6e-05,4629101,2349683,9,0,132201,132200,2,0.003,0.0,0.025,0,45,71998626,23941,60,60.0,0.201,0.02,186.864,3422284,7350.47,2.117
0,0.004,2e-05,1.6e-05,4629593,2349891,9,0,132214,132213,2,0.003,0.0,0.025,7,45,71998626,24185,60,60.0,0.381,0.02,186.892,3422284,7351.399,2.045
0,0.004,2e-05,1.6e-05,4630104,2350145,9,0,132231,132230,2,0.003,0.0,0.025,0,45,71998625,24215,60,60.0,0.135,0.02,186.92,3422284,7357.051,6.696
0,0.003,1.7e-05,1.2e-05,4630248,2350381,9,0,132240,132240,2,0.003,0.0,0.025,0,54,71998637,24215,60,60.0,0.261,0.02,186.94,3422284,7357.051,5.696
0,0.003,1.7e-05,1.2e-05,4630400,2350579,9,0,132251,132251,2,0.003,0.0,0.025,0,54,71998636,24215,60,60.0,0.146,0.02,186.96,3422284,7357.051,4.696
0,0.003,1.7e-05,1.2e-05,4630583,2350797,9,0,132264,132263,2,0.003,0.0,0.025,0,45,71998635,24215,60,60.0,0.243,0.01,186.981,3422300,7357.051,3.695
0,0.003,1.7e-05,1.2e-05,4630760,2351029,9,0,132276,132275,2,0.003,0.0,0.025,0,45,71998636,24215,60,60.0,0.048,0.01,187.002,3422300,7357.051,2.695
0,0.003,1.7e-05,1.2e-05,4631686,2351287,9,0,132299,132298,2,0.003,0.0,0.025,0,45,71998635,24309,60,60.0,0.094,0.01,187.029,3422048,7363.018,7.661
0,0.003,1.8e-05,1.3e-05,4631851,2351520,9,0,132311,132310,2,0.003,0.0,0.025,0,45,71998635,24309,60,60.0,0.134,0.01,187.051,3422048,7363.018,6.66
0,0.003,1.8e-05,1.3e-05,4632015,2351747,9,0,132322,132321,2,0.003,0.0,0.025,0,45,71998635,24309,60,60.0,0.221,0.01,187.072,3422048,7363.018,5.659
0,0.003,1.8e-05,1.3e-05,4632137,2351935,9,0,132331,132330,2,0.003,0.0,0.025,0,45,71998635,24309,60,60.0,0.273,0.01,187.091,3422048,7363.018,4.659
0,0.003,1.8e-05,1.3e-05,4632329,2352158,9,0,132344,132343,2,0.003,0.0,0.025,0,45,71998636,24309,60,60.0,0.199,0.01,187.113,3422048,7363.018,3.658
0,0.003,1.8e-05,1.3e-05,4632508,2352390,9,0,132356,132355,2,0.003,0.0,0.025,0,45,71998635,24309,60,60.0,0.223,0.01,187.134,3422048,7363.018,2.657
0,0.002,1.5e-05,8e-06,4632906,2352617,9,0,132370,132369,2,0.003,0.001,0.025,0,45,71998637,24468,60,60.0,0.149,0.01,187.16,3422048,7363.551,2.19
0,0.002,1.5e-05,8e-06,4633343,2352845,9,0,132384,132383,2,0.003,0.0,0.025,0,45,71998637,24586,60,60.0,0.225,0.01,187.185,3422048,7366.858,4.496
0,0.002,1.5e-05,8e-06,4633506,2353072,9,0,132395,132394,2,0.003,0.0,0.025,0,45,71998638,24586,60,60.0,0.369,0.01,187.206,3422048,7366.858,3.495
0,0.002,1.5e-05,8e-06,4633641,2353265,9,0,132405,132404,2,0.003,0.0,0.025,0,45,71998637,24586,60,60.0,0.139,0.01,187.226,3422048,7366.858,2.494
0,0.002,1.5e-05,8e-06,4635231,2353593,9,0,132439,132438,2,0.003,0.0,0.025,0,45,71998635,24762,60,60.0,0.211,0.01,187.255,3422048,7368.261,2.896
0,0.004,2.1e-05,1.6e-05,4636258,2353895,9,0,132462,132461,2,0.003,0.0,0.025,0,45,71998635,24883,60,60.0,0.211,0.01,187.279,3422084,7368.733,2.368
0,0.004,2.1e-05,1.6e-05,4637469,2354163,9,0,132489,132486,2,0.003,0.0,0.025,708,45,71998636,25248,60,60.0,0.347,0.01,187.309,3422084,7370.126,2.76
0,0.004,2.1e-05,1.6e-05,4639711,2354551,9,0,132532,132532,2,0.003,0.0,0.025,7,54,71998635,25499,60,60.0,0.311,0.01,187.339,3422084,7370.525,2.158
0,0.004,2.1e-05,1.6e-05,4641114,2354863,9,0,132561,132560,2,0.003,0.0,0.025,24,1735,71998634,25954,60,60.0,0.209,0.01,187.378,3422084,7371.917,2.55
0,0.004,2.1e-05,1.6e-05,4643548,2355216,9,0,132604,132602,2,0.003,0.0,0.025,0,45,71998634,26016,60,60.0,0.079,0.01,187.413,3422084,7372.448,2.081
0,0.01,3.2e-05,2e-05,4646312,2355634,9,0,132654,132651,2,0.003,0.0,0.025,58,54,71998635,26511,60,60.0,0.113,0.01,187.452,3422092,7373.644,2.276
0,0.01,3.2e-05,2e-05,4647611,2355946,9,0,132680,132679,2,0.003,0.0,0.025,0,1568,71998635,26865,60,60.0,0.113,0.01,187.489,3422092,7375.596,3.227
0,0.01,3.2e-05,2e-05,4649396,2356254,9,0,132713,132712,2,0.003,0.0,0.025,0,45,71998643,26865,60,60.0,0.178,0.01,187.52,3422092,7375.596,2.226
0,0.01,3.2e-05,2e-05,4650342,2356537,9,0,132738,132737,2,0.003,0.0,0.025,0,45,71998643,26961,60,60.0,0.21,0.01,187.546,3422092,7376.724,2.354
0,0.01,3.2e-05,2e-05,4651206,2356814,9,0,132759,132758,2,0.003,0.0,0.025,0,45,71998641,27240,60,60.0,0.18,0.01,187.575,3422092,7377.61,2.24
0,0.007,2.8e-05,1.9e-05,4652356,2357102,9,0,132784,132784,2,0.003,0.0,0.025,0,54,71998646,27400,60,60.0,0.074,0.01,187.602,3422092,7378.922,2.551
0,0.007,2.8e-05,1.9e-05,4652790,2357325,9,0,132798,132797,2,0.003,0.0,0.025,0,45,71998647,27617,60,60.0,0.224,0.01,187.627,3422100,7379.658,2.287
0,0.007,2.8e-05,1.9e-05,4655450,2357732,9,0,132847,132844,2,0.003,0.0,0.025,78,54,71998647,28049,60,60.0,0.108,0.01,187.661,3422100,7380.489,2.116
0,0.007,2.8e-05,1.9e-05,4656719,2358020,9,0,132874,132873,2,0.003,0.0,0.025,0,45,71998646,28241,60,60.0,0.239,0.01,187.689,3422100,7381.789,2.415
0,0.007,2.8e-05,1.9e-05,4657440,2358278,9,0,132894,132893,2,0.003,0.0,0.025,0,45,71998645,28304,60,60.0,0.062,0.01,187.713,3422100,7382.595,2.221
0,0.007,2.8e-05,1.9e-05,4658216,2358570,9,0,132915,132914,2,0.003,0.0,0.025,0,45,71998645,28367,60,60.0,0.207,0.01,187.738,3422100,7383.401,2.026
0,0.007,2.8e-05,1.9e-05,4659557,2358853,9,0,132943,132942,2,0.003,0.0,0.025,0,45,71998643,28491,60,60.0,0.29,0.01,187.765,3421848,7385.013,2.638
0,0.007,2.8e-05,1.9e-05,4660270,2359106,9,0,132962,132961,2,0.003,0.0,0.025,0,45,71998646,28553,60,60.0,0.004,0.01,187.789,3421852,7385.819,2.443
0,0.007,2.8e-05,1.9e-05,4661042,2359388,9,0,132984,132983,2,0.003,0.0,0.025,0,45,71998650,28614,60,60.0,0.167,0.01,187.814,3421852,7386.626,2.248
0,0.007,2.8e-05,1.9e-05,4661786,2359631,9,0,133004,133003,2,0.003,0.0,0.025,0,45,71998651,28678,60,60.0,0.173,0.01,187.838,3421852,7387.432,2.054
0,0.005,2.4e-05,1.8e-05,4663094,2359958,9,0,133032,133031,2,0.003,0.0,0.025,0,45,71998650,28802,60,60.0,0.174,0.01,187.866,3421860,7389.044,2.666
0,0.005,2.4e-05,1.8e-05,4663825,2360221,9,0,133052,133052,2,0.003,0.0,0.025,0,54,71998650,28864,60,60.0,0.072,0.01,187.89,3421860,7389.851,2.471
0,0.005,2.4e-05,1.8e-05,4664595,2360469,9,0,133074,133073,2,0.003,0.0,0.025,0,45,71998649,28928,60,60.0,0.176,0.01,187.914,3421860,7390.657,2.277
0,0.005,2.4e-05,1.8e-05,4665309,2360731,9,0,133092,133091,2,0.003,0.0,0.025,0,45,71998649,28989,60,60.0,0.262,0.01,187.94,3421860,7391.463,2.083
0,0.005,2.4e-05,1.8e-05,4666577,2361019,9,0,133118,133117,2,0.003,0.0,0.025,0,45,71998647,29113,60,60.0,0.176,0.01,187.966,3421860,7393.075,2.694
0,0.005,2.4e-05,1.8e-05,4667336,2361282,9,0,133139,133138,2,0.003,0.0,0.025,0,45,71998651,29176,60,60.0,0.16,0.01,187.991,3421608,7393.882,2.5
0,0.005,2.4e-05,1.8e-05,4668081,2361554,9,0,133159,133158,2,0.003,0.0,0.025,0,45,71998649,29238,60,60.0,0.131,0.01,188.015,3421608,7394.688,2.306
0,0.005,2.4e-05,1.8e-05,4668825,2361807,9,0,133178,133177,2,0.003,0.0,0.025,0,45,71998647,29301,60,60.0,0.125,0.01,188.038,3421608,7395.494,2.111
0,0.005,2.4e-05,1.8e-05,4670145,2362100,9,0,133208,133207,2,0.003,0.0,0.025,0,45,71998646,29427,60,60.0,0.246,0.01,188.066,3421608,7397.107,2.722
0,0.005,2.4e-05,1.8e-05,4670916,2362372,9,0,133228,133227,2,0.003,0.0,0.025,0,45,71998645,29488,60,60.0,0.374,0.01,188.091,3421608,7397.913,2.528
0,0.005,2.4e-05,1.8e-05,4671654,2362637,9,0,133248,133247,2,0.003,0.0,0.025,0,45,71998645,29551,60,60.0,0.077,0.01,188.115,3421628,7398.72,2.334
0,0.005,2.4e-05,1.8e-05,4672375,2362869,9,0,133267,133267,2,0.003,0.0,0.025,0,54,71998643,29613,60,60.0,0.184,0.01,188.139,3421628,7399.526,2.14
0,0.005,2.4e-05,1.8e-05,4673701,2363174,9,0,133297,133296,2,0.003,0.0,0.025,0,45,71998648,29737,60,60.0,0.038,0.0,188.168,3421628,7401.139,2.752
0,0.005,2.4e-05,1.8e-05,4674448,2363426,9,0,133318,133317,2,0.003,0.0,0.025,0,45,71998648,29832,60,60.0,0.094,0.0,188.193,3421628,7401.975,2.587
0,0.005,2.4e-05,1.8e-05,4675403,2363708,9,0,133343,133342,2,0.003,0.0,0.025,0,45,71998650,29892,60,60.0,0.146,0.0,188.22,3421628,7402.864,2.475
0,0.006,2.4e-05,1.8e-05,4676095,2363975,9,0,133362,133361,2,0.003,0.0,0.025,0,45,71998649,29970,60,60.0,0.312,0.0,188.244,3421628,7403.714,2.324
0,0.006,2.4e-05,1.8e-05,4676735,2364228,9,0,133381,133380,2,0.003,0.0,0.025,0,45,71998647,30030,60,60.0,0.092,0.0,188.268,3421628,7404.495,2.105
0,0.006,2.4e-05,1.8e-05,4678059,2364521,9,0,133408,133407,2,0.003,0.0,0.025,0,45,71998642,30212,60,60.0,0.047,0.0,188.295,3421628,7405.884,2.492
0,0.006,2.4e-05,1.8e-05,4679151,2364808,9,0,133434,133433,2,0.003,0.0,0.025,0,45,71998647,30356,60,60.0,0.376,0.0,188.321,3421628,7406.498,2.106
0,0.006,2.4e-05,1.8e-05,4681036,2365156,9,0,133472,133471,2,0.003,0.0,0.025,0,45,71998645,30568,60,60.0,0.175,0.0,188.352,3421628,7407.833,2.441
0,0.007,2.8e-05,1.9e-05,4683066,2365524,9,0,133511,133510,2,0.003,0.0,0.025,23,704,71998642,30900,60,60.0,0.21,0.0,188.387,3421640,7410.371,3.979
0,0.007,2.8e-05,1.9e-05,4683971,2365786,9,0,133532,133531,2,0.003,0.0,0.025,0,45,71998640,30900,60,60.0,0.136,0.0,188.413,3421640,7410.371,2.978
0,0.007,2.8e-05,1.9e-05,4684383,2366024,9,0,133548,133547,2,0.003,0.0,0.025,8,45,71998638,30931,60,60.0,0.022,0.0,188.436,3421640,7410.482,2.089
0,0.007,2.8e-05,1.9e-05,4685229,2366277,9,0,133566,133566,2,0.003,0.0,0.025,27,54,71998639,31027,60,60.0,0.275,0.0,188.463,3421640,7412.061,2.667
0,0.007,2.8e-05,1.9e-05,4686451,2366569,9,0,133593,133593,2,0.003,0.0,0.025,27,54,71998637,31158,60,60.0,0.352,0.0,188.489,3421640,7413.161,2.766
0,0.005,2.5e-05,1.9e-05,4688251,2366943,9,0,133632,133631,2,0.003,0.0,0.025,0,45,71998639,31333,60,60.0,0.354,0.0,188.518,3421640,7414.038,2.643
0,0.005,2.5e-05,1.9e-05,4689430,2367236,9,0,133658,133658,2,0.003,0.0,0.025,8,54,71998641,31492,60,60.0,0.0,0.0,188.545,3421640,7414.518,2.123
0,0.005,2.5e-05,1.9e-05,4691128,2367563,9,0,133692,133692,2,0.003,0.0,0.025,11,54,71998641,31715,60,60.0,0.294,0.0,188.579,3421640,7415.653,2.257
0,0.005,2.5e-05,1.9e-05,4692277,2367846,9,0,133718,133717,2,0.003,0.0,0.025,0,45,71998640,31874,60,60.0,0.341,0.0,188.605,3421640,7416.725,2.328
0,0.005,2.5e-05,1.9e-05,4693621,2368144,9,0,133746,133745,2,0.003,0.0,0.025,0,45,71998638,32000,60,60.0,0.111,0.0,188.632,3421640,7417.986,2.588
0,0.008,2.9e-05,1.9e-05,4694282,2368401,9,0,133763,133762,2,0.003,0.0,0.025,0,45,71998636,32096,60,60.0,0.021,0.0,188.656,3421664,7418.745,2.347
0,0.008,2.9e-05,1.9e-05,4694909,2368654,9,0,133782,133781,2,0.003,0.0,0.025,0,45,71998635,32160,60,60.0,0.204,0.0,188.681,3421664,7419.463,2.064
0,0.008,2.9e-05,1.9e-05,4696031,2368927,9,0,133805,133804,2,0.003,0.0,0.025,0,45,71998630,32288,60,60.0,0.002,0.0,188.707,3421664,7420.989,2.59
0,0.008,2.9e-05,1.9e-05,4696672,2369169,9,0,133822,133821,2,0.003,0.0,0.025,0,45,71998633,32352,60,60.0,0.222,0.0,188.73,3421664,7421.766,2.366
0,0.008,2.9e-05,1.9e-05,4697349,2369427,9,0,133842,133841,2,0.003,0.0,0.025,0,45,71998632,32415,60,60.0,0.27,0.0,188.755,3421664,7422.507,2.106
0,0.005,2.4e-05,1.8e-05,4698447,2369720,9,0,133866,133865,2,0.003,0.0,0.025,0,45,71998631,32541,60,60.0,0.233,0.0,188.782,3421664,7423.808,2.407
0,0.005,2.4e-05,1.8e-05,4699499,2369987,9,0,133890,133887,2,0.003,0.0,0.025,0,45,71998630,32669,60,60.0,0.174,0.0,188.808,3421664,7424.87,2.467
0,0.005,2.4e-05,1.8e-05,4700514,2370270,9,0,133913,133912,2,0.003,0.0,0.025,0,45,71998630,32792,60,60.0,0.184,0.0,188.835,3421664,7425.691,2.288
0,0.005,2.4e-05,1.8e-05,4702110,2370593,9,0,133946,133945,2,0.003,0.0,0.025,0,45,71998629,33015,60,60.0,0.208,0.0,188.864,3421664,7426.53,2.126
0,0.005,2.4e-05,1.8e-05,4704593,2370990,9,0,133994,133993,2,0.003,0.0,0.025,0,540,71998629,33472,60,60.0,0.128,0.0,188.902,3421664,7427.968,2.565
0,0.008,3e-05,2e-05,4706056,2371308,9,0,134023,134022,2,0.003,0.0,0.025,0,1328,71998632,33692,60,60.0,0.295,0.0,188.938,3421412,7429.216,2.812
0,0.008,3e-05,2e-05,4708008,2371641,9,0,134058,134057,2,0.003,0.001,0.025,8,1537,71998632,33974,60,60.0,0.195,0.0,188.974,3421416,7430.374,2.969
0,0.008,3e-05,2e-05,4710103,2371978,9,0,134094,134093,2,0.003,0.0,0.025,0,45,71998634,33985,60,60.0,0.277,0.0,189.007,3421416,7430.484,2.078
0,0.008,3e-05,2e-05,4711920,2372311,9,0,134128,134128,2,0.003,0.0,0.025,51,334,71998632,34293,60,60.0,0.197,0.0,189.043,3421416,7431.621,2.214
0,0.008,3e-05,2e-05,4714044,2372654,9,0,134165,134165,2,0.003,0.0,0.025,51,321,71998633,34533,60,60.0,0.132,0.0,189.083,3421416,7432.812,2.404
0,0.01,3.3e-05,2e-05,4715700,2372966,9,0,134194,134193,2,0.003,0.0,0.025,8,835,71998632,34781,60,60.0,0.146,0.0,189.119,3421416,7433.997,2.589
0,0.01,3.3e-05,2e-05,4717779,2373309,9,0,134231,134230,2,0.003,0.0,0.025,16,900,71998631,35022,60,60.0,0.219,0.0,189.155,3421416,7435.195,2.787
0,0.01,3.3e-05,2e-05,4719586,2373632,9,0,134264,134263,2,0.003,0.0,0.025,0,1333,71998632,35227,60,60.0,0.408,0.0,189.19,3421416,7436.392,2.983
0,0.01,3.3e-05,2e-05,4721390,2373954,9,0,134296,134293,2,0.003,0.0,0.025,264,1043,71998633,35449,60,60.0,0.112,0.0,189.227,3421416,7437.475,3.066
0,0.01,3.3e-05,2e-05,4722838,2374247,9,0,134323,134323,2,0.003,0.0,0.025,39,54,71998632,35449,60,60.0,0.228,0.0,189.255,3421416,7437.475,2.066
0,0.009,3.3e-05,2e-05,4725228,2374630,9,0,134366,134365,2,0.003,0.0,0.025,0,45,71998633,35751,60,60.0,0.124,0.0,189.294,3421432,7438.689,2.279
0,0.009,3.3e-05,2e-05,4726911,2374962,9,0,134398,134397,2,0.003,0.0,0.025,17,78,71998633,36035,60,60.0,0.262,0.0,189.33,3421432,7439.586,2.175
0,0.009,3.3e-05,2e-05,4728627,2375270,9,0,134431,134430,2,0.003,0.0,0.025,25,190,71998634,36287,60,60.0,0.246,0.0,189.365,3421432,7440.912,2.5
0,0.009,3.3e-05,2e-05,4729642,2375533,9,0,134452,134451,2,0.003,0.0,0.025,0,45,71998630,36345,60,60.0,0.18,0.0,189.392,3421180,7441.57,2.157
0,0.009,3.3e-05,2e-05,4730887,2375840,9,0,134479,134478,2,0.003,0.0,0.025,0,45,71998631,36513,60,60.0,0.21,0.0,189.42,3421180,7442.57,2.157
0,0.008,2.9e-05,2e-05,4732235,2376138,9,0,134507,134506,2,0.003,0.0,0.025,0,45,71998634,36673,60,60.0,0.139,0.0,189.446,3421180,7443.703,2.29
0,0.008,2.9e-05,2e-05,4733363,2376416,9,0,134530,134530,2,0.003,0.0,0.025,0,54,71998635,36801,60,60.0,0.229,0.0,189.473,3421180,7444.729,2.315
0,0.008,2.9e-05,2e-05,4734603,2376718,9,0,134557,134556,2,0.003,0.0,0.025,0,45,71998635,37058,60,60.0,0.208,0.0,189.502,3421180,7445.827,2.413
0,0.008,2.9e-05,2e-05,4735261,2376961,9,0,134577,134576,2,0.003,0.0,0.025,0,45,71998633,37182,60,60.0,0.207,0.0,189.527,3421180,7446.632,2.217
0,0.008,2.9e-05,2e-05,4736621,2377269,9,0,134607,134606,2,0.003,0.0,0.025,0,45,71998633,37367,60,60.0,0.324,0.0,189.556,3421184,7447.634,2.218
0,0.007,2.8e-05,1.9e-05,4738327,2377636,9,0,134643,134642,2,0.003,0.0,0.025,0,45,71998631,37499,60,60.0,0.328,0.0,189.585,3421184,7449.1,2.684
0,0.007,2.8e-05,1.9e-05,4739713,2377939,9,0,134674,134674,2,0.003,0.0,0.025,0,54,71998631,37671,60,60.0,0.265,0.0,189.613,3421196,7450.418,3.001
0,0.007,2.8e-05,1.9e-05,4739902,2378152,9,0,134686,134685,2,0.003,0.0,0.025,0,45,71998631,37671,60,60.0,0.219,0.0,189.635,3421196,7450.418,2.0
0,0.007,2.8e-05,1.9e-05,4741932,2378514,9,0,134724,134723,2,0.003,0.0,0.025,0,45,71998631,37904,60,60.0,0.237,0.0,189.665,3421196,7452.507,3.089
0,0.007,2.8e-05,1.9e-05,4742116,2378722,9,0,134737,134736,2,0.003,0.0,0.025,0,45,71998630,37904,60,60.0,0.168,0.0,189.686,3421196,7452.507,2.088
0,0.006,2.6e-05,1.9e-05,4744141,2379100,9,0,134778,134777,2,0.003,0.001,0.025,0,45,71998631,38098,60,60.0,0.116,0.0,189.719,3421196,7454.518,3.098
0,0.006,2.6e-05,1.9e-05,4744278,2379322,9,0,134788,134787,2,0.003,0.0,0.025,0,45,71998630,38098,60,60.0,0.245,0.0,189.739,3421196,7454.518,2.096
0,0.006,2.6e-05,1.9e-05,4745080,2379575,9,0,134810,134809,2,0.003,0.0,0.025,0,45,71998628,38323,60,60.0,0.222,0.0,189.764,3421196,7455.642,2.219
0,0.006,2.6e-05,1.9e-05,4746068,2379848,9,0,134833,134832,2,0.003,0.0,0.025,0,45,71998630,38427,60,60.0,0.222,0.0,189.791,3421196,7457.24,2.816
0,0.006,2.6e-05,1.9e-05,4746920,2380113,9,0,134854,134851,2,0.003,0.0,0.025,507,627,71998631,38644,60,60.0,0.114,0.0,189.819,3421196,7458.287,2.864
0,0.006,2.6e-05,1.9e-05,4748947,2380441,9,0,134890,134887,2,0.003,0.0,0.025,374,45,71998631,38735,60,60.0,0.072,0.0,189.846,3421208,7459.579,3.154
0,0.006,2.6e-05,1.9e-05,4749530,2380678,9,0,134906,134905,2,0.003,0.0,0.025,0,45,71998629,38735,60,60.0,0.415,0.0,189.869,3421208,7459.579,2.154
0,0.006,2.6e-05,1.9e-05,4750403,2380938,9,0,134926,134925,2,0.003,0.0,0.025,0,45,71998628,38870,60,60.0,0.211,0.0,189.893,3421208,7460.488,2.061
0,0.006,2.6e-05,1.9e-05,4751700,2381214,9,0,134954,134953,2,0.003,0.0,0.025,0,45,71998630,38961,60,60.0,0.281,0.0,189.92,3421208,7461.7,2.273
0,0.006,2.6e-05,1.9e-05,4752546,2381467,9,0,134973,134972,2,0.003,0.0,0.025,8,45,71998628,39095,60,60.0,0.186,0.0,189.945,3421208,7462.576,2.149
0,0.006,2.7e-05,1.9e-05,4753814,2381794,9,0,135001,135000,2,0.003,0.0,0.025,0,45,71998623,39184,60,60.0,0.197,0.0,189.971,3421208,7463.731,2.303
0,0.006,2.7e-05,1.9e-05,4754688,2382047,9,0,135023,135022,2,0.003,0.0,0.025,0,45,71998623,39282,60,60.0,0.152,0.0,189.996,3421208,7464.587,2.158
0,0.006,2.7e-05,1.9e-05,4755866,2382330,9,0,135047,135047,2,0.003,0.0,0.025,10,54,71998623,39531,60,60.0,0.202,0.0,190.024,3421208,7466.183,2.753
0,0.006,2.7e-05,1.9e-05,4756581,2382592,9,0,135066,135065,2,0.003,0.0,0.025,0,54,71998622,39603,60,60.0,0.256,0.0,190.048,3421208,7467.309,2.879
0,0.006,2.7e-05,1.9e-05,4757217,2382830,9,0,135085,135084,2,0.003,0.0,0.025,8,45,71998621,39692,60,60.0,0.261,0.0,190.072,3421208,7467.487,2.056
0,0.006,2.6e-05,1.8e-05,4759384,2383203,9,0,135125,135124,2,0.003,0.0,0.025,0,45,71998618,39884,60,60.0,0.107,0.0,190.103,3421212,7469.22,2.788
0,0.006,2.6e-05,1.8e-05,4760857,2383540,9,0,135158,135157,2,0.003,0.0,0.025,0,45,71998617,40056,60,60.0,0.249,0.0,190.132,3421216,7470.538,3.105
0,0.006,2.6e-05,1.8e-05,4760994,2383733,9,0,135168,135167,2,0.003,0.0,0.025,0,45,71998616,40056,60,60.0,0.249,0.0,190.152,3421224,7470.538,2.105
0,0.006,2.6e-05,1.8e-05,4762739,2384051,9,0,135202,135199,2,0.003,0.0,0.025,292,54,71998617,40288,60,60.0,0.213,0.0,190.181,3421224,7472.627,3.193
0,0.006,2.6e-05,1.8e-05,4763213,2384308,9,0,135217,135216,2,0.003,0.0,0.025,0,45,71998617,40288,60,60.0,0.142,0.0,190.202,3421224,7472.627,2.192
0,0.006,2.6e-05,1.9e-05,4764297,2384576,9,0,135241,135238,2,0.003,0.0,0.025,820,54,71998616,40483,60,60.0,0.189,0.0,190.23,3421224,7474.638,3.202
0,0.006,2.6e-05,1.9e-05,4765367,2384854,9,0,135263,135262,2,0.003,0.0,0.025,0,45,71998615,40483,60,60.0,0.161,0.0,190.253,3421224,7474.638,2.202
0,0.006,2.6e-05,1.9e-05,4766136,2385137,9,0,135283,135282,2,0.003,0.0,0.025,0,45,71998617,40708,60,60.0,0.233,0.0,190.28,3421224,7475.761,2.324
0,0.006,2.6e-05,1.9e-05,4767147,2385405,9,0,135308,135307,2,0.003,0.0,0.025,0,45,71998616,40811,60,60.0,0.109,0.0,190.308,3421224,7477.36,2.921
0,0.006,2.6e-05,1.9e-05,4767848,2385653,9,0,135326,135325,2,0.003,0.0,0.025,0,45,71998617,40902,60,60.0,0.225,0.0,190.332,3421224,7477.537,2.099
0,0.006,2.7e-05,1.9e-05,4769539,2386015,9,0,135361,135360,2,0.003,0.0,0.025,0,45,71998616,41124,60,60.0,0.229,0.0,190.364,3421244,7478.51,2.071
0,0.006,2.7e-05,1.9e-05,4770640,2386278,9,0,135385,135384,2,0.003,0.0,0.025,0,45,71998616,41183,60,60.0,0.229,0.0,190.388,3421244,7479.706,2.267
0,0.006,2.7e-05,1.9e-05,4771545,2386551,9,0,135408,135407,2,0.003,0.0,0.025,0,45,71998617,41317,60,60.0,0.157,0.0,190.415,3421244,7480.616,2.175
0,0.006,2.7e-05,1.9e-05,4772891,2386863,9,0,135436,135435,2,0.003,0.0,0.025,0,45,71998618,41470,60,60.0,0.258,0.0,190.442,3421244,7481.835,2.394
0,0.006,2.7e-05,1.9e-05,4773736,2387116,9,0,135458,135457,2,0.003,0.0,0.025,0,45,71998619,41604,60,60.0,0.126,0.0,190.468,3421244,7482.713,2.271
0,0.006,2.7e-05,1.9e-05,4775086,2387439,9,0,135488,135487,2,0.003,0.0,0.025,0,45,71998620,41759,60,60.0,0.258,0.0,190.496,3421244,7483.875,2.432
0,0.006,2.7e-05,1.9e-05,4775979,2387726,9,0,135511,135510,2,0.003,0.0,0.025,0,45,71998621,41857,60,60.0,0.209,0.0,190.523,3421244,7484.732,2.288
0,0.006,2.7e-05,1.9e-05,4777134,2388014,9,0,135540,135539,2,0.003,0.0,0.025,0,45,71998621,42015,60,60.0,0.352,0.0,190.55,3421244,7486.321,2.877
0,0.006,2.7e-05,1.9e-05,4777741,2388257,9,0,135557,135556,2,0.003,0.0,0.025,0,45,71998620,42082,60,60.0,0.146,0.0,190.574,3421244,7487.444,2.999
0,0.006,2.7e-05,1.9e-05,4777922,2388489,9,0,135569,135568,2,0.003,0.0,0.025,0,45,71998624,42082,60,60.0,0.24,0.0,190.596,3421244,7487.444,1.999
0,0.006,2.6e-05,1.8e-05,4779962,2388842,9,0,135607,135607,2,0.003,0.0,0.025,0,54,71998628,42333,60,60.0,0.174,0.0,190.627,3421244,7488.67,2.224
0,0.006,2.6e-05,1.8e-05,4781300,2389145,9,0,135637,135636,2,0.003,0.0,0.025,0,45,71998628,42461,60,60.0,0.264,0.0,190.655,3421248,7490.159,2.712
0,0.006,2.6e-05,1.8e-05,4782095,2389412,9,0,135656,135655,2,0.003,0.0,0.025,0,45,71998630,42602,60,60.0,0.22,0.0,190.681,3421248,7490.84,2.393
0,0.006,2.6e-05,1.8e-05,4783127,2389660,9,0,135679,135676,2,0.003,0.0,0.025,331,45,71998634,42728,60,60.0,0.335,0.0,190.708,3421248,7492.267,2.819
0,0.006,2.6e-05,1.8e-05,4784283,2389953,9,0,135704,135703,2,0.003,0.0,0.025,0,45,71998634,42876,60,60.0,0.369,0.0,190.734,3421248,7492.914,2.465
0,0.006,2.6e-05,1.9e-05,4785078,2390250,9,0,135725,135725,2,0.003,0.0,0.025,0,54,71998634,42939,60,60.0,0.18,0.0,190.759,3421256,7493.505,2.056
0,0.006,2.6e-05,1.9e-05,4786480,2390538,9,0,135754,135754,2,0.003,0.0,0.025,47,54,71998635,43114,60,60.0,0.16,0.0,190.785,3421256,7494.959,2.508
0,0.006,2.6e-05,1.9e-05,4787211,2390786,9,0,135772,135772,2,0.003,0.0,0.025,0,54,71998637,43211,60,60.0,0.213,0.0,190.81,3421256,7495.75,2.299
0,0.006,2.6e-05,1.9e-05,4787816,2391043,9,0,135790,135789,2,0.003,0.001,0.025,0,45,71998637,43273,60,60.0,0.162,0.0,190.833,3421256,7496.851,2.398
0,0.006,2.6e-05,1.9e-05,4788402,2391276,9,0,135808,135807,2,0.003,0.0,0.025,0,45,71998638,43342,60,60.0,0.034,0.0,190.856,3421256,7497.669,2.216
0,0.006,2.6e-05,1.9e-05,4790525,2391664,9,0,135850,135850,2,0.003,0.0,0.025,24,54,71998637,43596,60,60.0,0.267,0.0,190.889,3421272,7499.333,2.88
0,0.006,2.6e-05,1.9e-05,4792140,2391991,9,0,135883,135881,2,0.003,0.001,0.025,8,45,71998639,43764,60,60.0,0.277,0.0,190.918,3421280,7500.728,3.274
0,0.006,2.6e-05,1.9e-05,4792316,2392199,9,0,135895,135894,2,0.003,0.0,0.025,0,45,71998638,43764,60,60.0,0.155,0.0,190.939,3421280,7500.728,2.273
0,0.006,2.6e-05,1.9e-05,4793095,2392457,9,0,135915,135914,2,0.003,0.0,0.025,0,45,71998637,43833,60,60.0,0.279,0.0,190.964,3421280,7501.538,2.082
0,0.006,2.6e-05,1.9e-05,4794642,2392794,9,0,135948,135947,2,0.003,0.0,0.025,0,45,71998636,44002,60,60.0,0.344,0.0,190.992,3421280,7502.859,2.402
0,0.006,2.6e-05,1.9e-05,4795327,2393027,9,0,135965,135965,2,0.003,0.0,0.025,0,54,71998637,44072,60,60.0,0.243,0.0,191.015,3421280,7503.653,2.196
0,0.006,2.6e-05,1.9e-05,4796882,2393365,9,0,135999,135998,2,0.003,0.0,0.025,0,45,71998639,44238,60,60.0,0.21,0.0,191.044,3421288,7504.941,2.482
0,0.006,2.6e-05,1.9e-05,4797488,2393622,9,0,136016,136015,2,0.003,0.0,0.025,0,45,71998639,44428,60,60.0,0.245,0.0,191.069,3421288,7506.066,2.607
0,0.006,2.6e-05,1.9e-05,4798641,2393905,9,0,136044,136043,2,0.003,0.0,0.025,0,45,71998637,44561,60,60.0,0.241,0.0,191.097,3421288,7507.729,3.269
0,0.006,2.6e-05,1.9e-05,4798794,2394118,9,0,136055,136054,2,0.003,0.0,0.025,0,45,71998636,44561,60,60.0,0.164,0.0,191.117,3421288,7507.729,2.268
0,0.006,2.6e-05,1.9e-05,4800485,2394460,9,0,136088,136088,2,0.003,0.0,0.025,0,54,71998638,44763,60,60.0,0.101,0.0,191.147,3421044,7508.727,2.265
0,0.006,2.6e-05,1.9e-05,4801572,2394728,9,0,136113,136110,2,0.003,0.0,0.025,291,54,71998639,44896,60,60.0,0.22,0.0,191.174,3421044,7510.308,2.846
0,0.006,2.6e-05,1.9e-05,4802761,2395021,9,0,136138,136137,2,0.003,0.0,0.025,0,45,71998638,45000,60,60.0,0.192,0.0,191.199,3421056,7510.997,2.534
0,0.006,2.6e-05,1.9e-05,4803527,2395298,9,0,136159,136158,2,0.003,0.0,0.025,0,45,71998639,45070,60,60.0,0.292,0.0,191.224,3421056,7511.597,2.133
0,0.006,2.6e-05,1.9e-05,4804887,2395581,9,0,136189,136186,2,0.003,0.0,0.025,127,54,71998637,45238,60,60.0,0.313,0.0,191.252,3421056,7513.079,2.614
0,0.006,2.6e-05,1.9e-05,4805768,2395864,9,0,136212,136211,2,0.003,0.0,0.025,0,45,71998636,45308,60,60.0,0.156,0.0,191.277,3421056,7513.659,2.193
0,0.006,2.6e-05,1.9e-05,4806668,2396146,9,0,136233,136230,2,0.003,0.0,0.025,566,54,71998636,45476,60,60.0,0.29,0.0,191.304,3421056,7515.118,2.651
0,0.006,2.6e-05,1.9e-05,4807890,2396424,9,0,136258,136257,2,0.003,0.0,0.025,0,45,71998634,45635,60,60.0,0.29,0.0,191.329,3421056,7515.912,2.445
0,0.006,2.6e-05,1.9e-05,4808521,2396667,9,0,136275,136274,2,0.003,0.0,0.025,0,45,71998634,45760,60,60.0,0.233,0.0,191.354,3421060,7517.023,2.556
0,0.006,2.6e-05,1.9e-05,4809190,2396928,9,0,136294,136293,2,0.003,0.0,0.025,0,45,71998637,45802,60,60.0,0.305,0.0,191.379,3421060,7517.846,2.378
0,0.006,2.6e-05,1.9e-05,4810853,2397236,9,0,136329,136328,2,0.003,0.0,0.025,0,45,71998636,45986,60,60.0,0.387,0.0,191.406,3421068,7518.583,2.114
0,0.006,2.6e-05,1.9e-05,4811568,2397498,9,0,136349,136348,2,0.003,0.0,0.025,0,45,71998639,46054,60,60.0,0.124,0.0,191.431,3421068,7519.492,2.023
0,0.006,2.6e-05,1.9e-05,4813168,2397813,9,0,136380,136379,2,0.003,0.0,0.025,0,45,71998640,46224,60,60.0,0.221,0.0,191.46,3421068,7520.861,2.391
0,0.006,2.6e-05,1.9e-05,4813915,2398048,9,0,136399,136398,2,0.003,0.0,0.025,0,45,71998639,46294,60,60.0,0.192,0.0,191.483,3421068,7521.653,2.182
0,0.006,2.6e-05,1.9e-05,4815460,2398376,9,0,136433,136432,2,0.003,0.0,0.025,0,45,71998635,46464,60,60.0,0.138,0.0,191.513,3421072,7522.947,2.475
0,0.006,2.6e-05,1.9e-05,4816229,2398653,9,0,136454,136453,2,0.003,0.0,0.025,0,45,71998635,46534,60,60.0,0.304,0.0,191.538,3421072,7523.723,2.251
0,0.006,2.6e-05,1.9e-05,4817711,2398966,9,0,136485,136484,2,0.003,0.0,0.025,0,45,71998636,46703,60,60.0,0.304,0.0,191.567,3420820,7524.985,2.512
0,0.006,2.6e-05,1.9e-05,4818334,2399214,9,0,136503,136502,2,0.003,0.0,0.025,0,45,71998637,46892,60,60.0,0.1,0.0,191.593,3420820,7526.083,2.609
0,0.006,2.6e-05,1.9e-05,4819540,2399531,9,0,136532,136531,2,0.003,0.0,0.025,0,45,71998635,47028,60,60.0,0.143,0.0,191.622,3420820,7527.707,3.232
0,0.006,2.6e-05,1.9e-05,4819720,2399734,9,0,136544,136543,2,0.003,0.0,0.025,0,45,71998638,47028,60,60.0,0.112,0.0,191.643,3420820,7527.707,2.232
0,0.006,2.6e-05,1.9e-05,4821491,2400077,9,0,136580,136580,2,0.003,0.0,0.025,0,54,71998637,47230,60,60.0,0.242,0.0,191.673,3420824,7528.699,2.224
0,0.006,2.6e-05,1.9e-05,4822879,2400404,9,0,136609,136608,2,0.003,0.0,0.025,0,45,71998635,47363,60,60.0,0.43,0.0,191.701,3420824,7530.28,2.804
0,0.006,2.6e-05,1.9e-05,4823817,2400667,9,0,136633,136632,2,0.003,0.0,0.025,0,45,71998636,47469,60,60.0,0.313,0.0,191.726,3420824,7530.969,2.493
0,0.006,2.6e-05,1.9e-05,4824611,2400935,9,0,136655,136654,2,0.003,0.0,0.025,0,45,71998634,47539,60,60.0,0.187,0.0,191.75,3420824,7531.569,2.091
0,0.006,2.6e-05,1.9e-05,4826074,2401262,9,0,136686,136685,2,0.003,0.0,0.025,0,45,71998632,47708,60,60.0,0.213,0.0,191.78,3420824,7533.051,2.573
0,0.006,2.6e-05,1.9e-05,4826797,2401505,9,0,136706,136705,2,0.003,0.0,0.025,0,45,71998630,47778,60,60.0,0.162,0.0,191.804,3420824,7533.631,2.152
0,0.006,2.7e-05,1.9e-05,4828253,2401842,9,0,136738,136735,2,0.003,0.0,0.025,87,45,71998635,47948,60,60.0,0.113,0.0,191.834,3420828,7535.09,2.611
0,0.006,2.7e-05,1.9e-05,4828958,2402100,9,0,136756,136755,2,0.003,0.0,0.025,0,45,71998635,48107,60,60.0,0.283,0.0,191.859,3420832,7535.884,2.404
0,0.006,2.7e-05,1.9e-05,4829599,2402349,9,0,136775,136774,2,0.003,0.0,0.025,0,45,71998640,48232,60,60.0,0.056,0.0,191.885,3420832,7536.995,2.515
0,0.006,2.7e-05,1.9e-05,4830291,2402611,9,0,136793,136792,2,0.003,0.0,0.025,0,45,71998640,48274,60,60.0,0.196,0.0,191.909,3420832,7537.818,2.337
0,0.006,2.7e-05,1.9e-05,4831934,2402944,9,0,136827,136827,2,0.003,0.0,0.025,0,54,71998642,48458,60,60.0,0.065,0.0,191.936,3420852,7538.555,2.073
